source,target
삼성SDI의 3월 4일에 대한 뉴스 내용을 보여줘,"SELECT title, link, description FROM 삼성SDI WHERE MONTH(pubdate) = 3 AND DAY(pubdate) = 4"
삼성전자우의 8월 1일에 대한 뉴스 내용을 보여줘,"SELECT title, link, description FROM 삼성전자우 WHERE MONTH(pubdate) = 8 AND DAY(pubdate) = 1"
포스코퓨처엠의 최신 소식을 알려줘,"SELECT title, link, description, pubdate FROM 포스코퓨처엠 ORDER BY pubdate DESC LIMIT 1"
HLB에서 6월 11일에 발표한 뉴스가 뭐야?,"SELECT title, link, description FROM HLB WHERE MONTH(pubdate) = 6 AND DAY(pubdate) = 11"
네이버의 최근 28일 간의 뉴스를 요약해줘,"SELECT title, link ,description FROM 네이버 ORDER BY pubdate DESC LIMIT 28"
삼성전자우의 지난 13일 동안의 뉴스를 요약해줘,"SELECT title, link ,description FROM 삼성전자우 ORDER BY pubdate DESC LIMIT 13"
포스코퓨처엠의 11월 11일에 대한 뉴스 내용을 보여줘,"SELECT title, link, description FROM 포스코퓨처엠 WHERE MONTH(pubdate) = 11 AND DAY(pubdate) = 11"
포스코퓨처엠에서 11월 6일에 발표한 뉴스가 뭐야?,"SELECT title, link, description FROM 포스코퓨처엠 WHERE MONTH(pubdate) = 11 AND DAY(pubdate) = 6"
LG에너지솔루션 뉴스의 최근 제목 28개를 알려줘,"SELECT title, description FROM LG에너지솔루션 ORDER BY pubdate DESC LIMIT 28"
엘앤에프에서 6월 27일에 발표한 뉴스가 뭐야?,"SELECT title, link, description FROM 엘앤에프 WHERE MONTH(pubdate) = 6 AND DAY(pubdate) = 27"
네이버 관련 최근 뉴스를 알려줘,"SELECT title, link, description, pubdate FROM 네이버 ORDER BY pubdate DESC LIMIT 1"
카카오에서 8월 13일에 발표한 뉴스가 뭐야?,"SELECT title, link, description FROM 카카오 WHERE MONTH(pubdate) = 8 AND DAY(pubdate) = 13"
JYP 11월 24일의 뉴스 링크를 알려줘,"SELECT title, link, description FROM JYP WHERE MONTH(pubdate) = 11 AND DAY(pubdate) = 24"
애플 관련 최근 뉴스를 알려줘,"SELECT title, link, description, pubdate FROM 애플 ORDER BY pubdate DESC LIMIT 1"
펄어비스의 최근 22일 간의 뉴스를 요약해줘,"SELECT title, link ,description FROM 펄어비스 ORDER BY pubdate DESC LIMIT 22"
삼성바이오로직스 관련 최근 뉴스를 알려줘,"SELECT title, link, description, pubdate FROM 삼성바이오로직스 ORDER BY pubdate DESC LIMIT 1"
에코프로의 지난 21일 간의 뉴스를 요약해줘,"SELECT title, link ,description FROM 에코프로 ORDER BY pubdate DESC LIMIT 21"
JYP 4월 13일의 뉴스 링크를 알려줘,"SELECT title, link, description FROM JYP WHERE MONTH(pubdate) = 4 AND DAY(pubdate) = 13"
엘앤에프에서 7월 28일에 발표한 뉴스가 뭐야?,"SELECT title, link, description FROM 엘앤에프 WHERE MONTH(pubdate) = 7 AND DAY(pubdate) = 28"
LG에너지솔루션의 최신 뉴스 29개를 요약해줘,"SELECT title, description FROM LG에너지솔루션 ORDER BY pubdate DESC LIMIT 29"
현대차의 최근 15일 간의 뉴스를 요약해줘,"SELECT title, link ,description FROM 현대차 ORDER BY pubdate DESC LIMIT 15"
에코프로비엠 뉴스의 최근 제목 7개를 알려줘,"SELECT title, description FROM 에코프로비엠 ORDER BY pubdate DESC LIMIT 7"
삼성전자우의 5월 19일에 대한 뉴스 내용을 보여줘,"SELECT title, link, description FROM 삼성전자우 WHERE MONTH(pubdate) = 5 AND DAY(pubdate) = 19"
포스코퓨처엠의 지난 17일 동안의 뉴스를 요약해줘,"SELECT title, link ,description FROM 포스코퓨처엠 ORDER BY pubdate DESC LIMIT 17"
셀트리온헬스케어에 대한 7월 24일의 뉴스 제목을 알려줘,"SELECT title, link, description FROM 셀트리온헬스케어 WHERE MONTH(pubdate) = 7 AND DAY(pubdate) = 24"
카카오의 2월 8일에 대한 뉴스 내용을 보여줘,"SELECT title, link, description FROM 카카오 WHERE MONTH(pubdate) = 2 AND DAY(pubdate) = 8"
SK하이닉스에서 9월 24일에 발표한 뉴스가 뭐야?,"SELECT title, link, description FROM SK하이닉스 WHERE MONTH(pubdate) = 9 AND DAY(pubdate) = 24"
JYP의 지난 10일 간의 뉴스를 요약해줘,"SELECT title, link ,description FROM JYP ORDER BY pubdate DESC LIMIT 10"
HLB의 최신 소식을 알려줘,"SELECT title, link, description, pubdate FROM HLB ORDER BY pubdate DESC LIMIT 1"
포스코DX의 최신 소식을 알려줘,"SELECT title, link, description, pubdate FROM 포스코DX ORDER BY pubdate DESC LIMIT 1"
포스코퓨처엠의 최근 1일 간의 뉴스를 요약해줘,"SELECT title, link ,description FROM 포스코퓨처엠 ORDER BY pubdate DESC LIMIT 1"
포스코DX 관련 최근 뉴스를 알려줘,"SELECT title, link, description, pubdate FROM 포스코DX ORDER BY pubdate DESC LIMIT 1"
삼성전자의 최신 소식을 알려줘,"SELECT title, link, description, pubdate FROM 삼성전자 ORDER BY pubdate DESC LIMIT 1"
애플의 최신 뉴스 링크를 보여줘,"SELECT title, link, description, pubdate FROM 애플 ORDER BY pubdate DESC LIMIT 1"
JYP에서 6월 19일에 발표한 뉴스가 뭐야?,"SELECT title, link, description FROM JYP WHERE MONTH(pubdate) = 6 AND DAY(pubdate) = 19"
HLB의 최신 뉴스 20개를 요약해줘,"SELECT title, description FROM HLB ORDER BY pubdate DESC LIMIT 20"
JYP의 최신 뉴스 링크를 보여줘,"SELECT title, link, description, pubdate FROM JYP ORDER BY pubdate DESC LIMIT 1"
에코프로비엠의 최근 소식을 알려줘,"SELECT title, link, description, pubdate FROM 에코프로비엠 ORDER BY pubdate DESC LIMIT 1"
LG에너지솔루션 관련 최근 뉴스를 알려줘,"SELECT title, link, description, pubdate FROM LG에너지솔루션 ORDER BY pubdate DESC LIMIT 1"
포스코퓨처엠의 15일 전 뉴스 제목을 알려줘,"SELECT title, description FROM 포스코퓨처엠 WHERE pubdate = NOW() - INTERVAL 15 DAY"
셀트리온제약 뉴스의 최근 제목 15개를 알려줘,"SELECT title, description FROM 셀트리온제약 ORDER BY pubdate DESC LIMIT 15"
펄어비스 뉴스의 최근 제목 15개를 알려줘,"SELECT title, description FROM 펄어비스 ORDER BY pubdate DESC LIMIT 15"
네이버의 1월 20일에 대한 뉴스 내용을 보여줘,"SELECT title, link, description FROM 네이버 WHERE MONTH(pubdate) = 1 AND DAY(pubdate) = 20"
HLB의 지난 1일 동안의 뉴스를 요약해줘,"SELECT title, link ,description FROM HLB ORDER BY pubdate DESC LIMIT 1"
삼성전자우에 대한 7월 12일의 뉴스 제목을 알려줘,"SELECT title, link, description FROM 삼성전자우 WHERE MONTH(pubdate) = 7 AND DAY(pubdate) = 12"
JYP의 최신 뉴스 20개를 요약해줘,"SELECT title, description FROM JYP ORDER BY pubdate DESC LIMIT 20"
삼성전자우에서 12월 5일에 발표한 뉴스가 뭐야?,"SELECT title, link, description FROM 삼성전자우 WHERE MONTH(pubdate) = 12 AND DAY(pubdate) = 5"
애플의 최근 28일 간의 뉴스를 요약해줘,"SELECT title, link ,description FROM 애플 ORDER BY pubdate DESC LIMIT 28"
셀트리온제약 2월 11일의 뉴스 링크를 알려줘,"SELECT title, link, description FROM 셀트리온제약 WHERE MONTH(pubdate) = 2 AND DAY(pubdate) = 11"
애플 8월 2일의 뉴스 링크를 알려줘,"SELECT title, link, description FROM 애플 WHERE MONTH(pubdate) = 8 AND DAY(pubdate) = 2"
현대차의 최신 뉴스 링크를 보여줘,"SELECT title, link, description, pubdate FROM 현대차 ORDER BY pubdate DESC LIMIT 1"
LG에너지솔루션 뉴스의 최근 제목 21개를 알려줘,"SELECT title, description FROM LG에너지솔루션 ORDER BY pubdate DESC LIMIT 21"
삼성바이오로직스의 최신 소식을 알려줘,"SELECT title, link, description, pubdate FROM 삼성바이오로직스 ORDER BY pubdate DESC LIMIT 1"
HLB에서 5월 10일에 발표한 뉴스가 뭐야?,"SELECT title, link, description FROM HLB WHERE MONTH(pubdate) = 5 AND DAY(pubdate) = 10"
에코프로에서 10월 9일에 발표한 뉴스가 뭐야?,"SELECT title, link, description FROM 에코프로 WHERE MONTH(pubdate) = 10 AND DAY(pubdate) = 9"
삼성전자에서 6월 18일에 발표한 뉴스가 뭐야?,"SELECT title, link, description FROM 삼성전자 WHERE MONTH(pubdate) = 6 AND DAY(pubdate) = 18"
현대차 2월 20일의 뉴스 링크를 알려줘,"SELECT title, link, description FROM 현대차 WHERE MONTH(pubdate) = 2 AND DAY(pubdate) = 20"
삼성전자의 9월 25일에 대한 뉴스 내용을 보여줘,"SELECT title, link, description FROM 삼성전자 WHERE MONTH(pubdate) = 9 AND DAY(pubdate) = 25"
펄어비스의 1월 12일에 대한 뉴스 내용을 보여줘,"SELECT title, link, description FROM 펄어비스 WHERE MONTH(pubdate) = 1 AND DAY(pubdate) = 12"
포스코DX 관련 최근 뉴스를 알려줘,"SELECT title, link, description, pubdate FROM 포스코DX ORDER BY pubdate DESC LIMIT 1"
삼성전자우의 10일 전 뉴스 제목을 알려줘,"SELECT title, description FROM 삼성전자우 WHERE pubdate = NOW() - INTERVAL 10 DAY"
포스코DX 5월 15일의 뉴스 링크를 알려줘,"SELECT title, link, description FROM 포스코DX WHERE MONTH(pubdate) = 5 AND DAY(pubdate) = 15"
POSCO홀딩스의 지난 5일 간의 뉴스를 요약해줘,"SELECT title, link ,description FROM POSCO홀딩스 ORDER BY pubdate DESC LIMIT 5"
삼성전자의 4월 2일자 뉴스를 알려줘,"SELECT title, link, description FROM 삼성전자 WHERE MONTH(pubdate) = 4 AND DAY(pubdate) = 2"
삼성SDI에서 4월 6일에 발표한 뉴스가 뭐야?,"SELECT title, link, description FROM 삼성SDI WHERE MONTH(pubdate) = 4 AND DAY(pubdate) = 6"
애플에서 5월 11일에 발표한 뉴스가 뭐야?,"SELECT title, link, description FROM 애플 WHERE MONTH(pubdate) = 5 AND DAY(pubdate) = 11"
에코프로비엠 9월 13일의 뉴스 링크를 알려줘,"SELECT title, link, description FROM 에코프로비엠 WHERE MONTH(pubdate) = 9 AND DAY(pubdate) = 13"
SK하이닉스의 9일 전 뉴스 제목을 알려줘,"SELECT title, description FROM SK하이닉스 WHERE pubdate = NOW() - INTERVAL 9 DAY"
포스코퓨처엠의 최근 소식을 알려줘,"SELECT title, link, description, pubdate FROM 포스코퓨처엠 ORDER BY pubdate DESC LIMIT 1"
LG에너지솔루션의 지난 29일 동안의 뉴스를 요약해줘,"SELECT title, link ,description FROM LG에너지솔루션 ORDER BY pubdate DESC LIMIT 29"
현대차의 11월 19일에 대한 뉴스 내용을 보여줘,"SELECT title, link, description FROM 현대차 WHERE MONTH(pubdate) = 11 AND DAY(pubdate) = 19"
포스코DX 뉴스의 최근 제목 15개를 알려줘,"SELECT title, description FROM 포스코DX ORDER BY pubdate DESC LIMIT 15"
현대차의 최신 뉴스 링크를 보여줘,"SELECT title, link, description, pubdate FROM 현대차 ORDER BY pubdate DESC LIMIT 1"
포스코퓨처엠의 최신 소식을 알려줘,"SELECT title, link, description, pubdate FROM 포스코퓨처엠 ORDER BY pubdate DESC LIMIT 1"
삼성SDI의 최신 뉴스 링크를 보여줘,"SELECT title, link, description, pubdate FROM 삼성SDI ORDER BY pubdate DESC LIMIT 1"
애플의 최신 소식을 알려줘,"SELECT title, link, description, pubdate FROM 애플 ORDER BY pubdate DESC LIMIT 1"
애플 10월 18일의 뉴스 링크를 알려줘,"SELECT title, link, description FROM 애플 WHERE MONTH(pubdate) = 10 AND DAY(pubdate) = 18"
네이버의 지난 16일 동안의 뉴스를 요약해줘,"SELECT title, link ,description FROM 네이버 ORDER BY pubdate DESC LIMIT 16"
에코프로 뉴스의 최근 제목 16개를 알려줘,"SELECT title, description FROM 에코프로 ORDER BY pubdate DESC LIMIT 16"
포스코DX의 2월 2일에 대한 뉴스 내용을 보여줘,"SELECT title, link, description FROM 포스코DX WHERE MONTH(pubdate) = 2 AND DAY(pubdate) = 2"
엘앤에프의 1일 전 뉴스 제목을 알려줘,"SELECT title, description FROM 엘앤에프 WHERE pubdate = NOW() - INTERVAL 1 DAY"
현대차에서 9월 15일에 발표한 뉴스가 뭐야?,"SELECT title, link, description FROM 현대차 WHERE MONTH(pubdate) = 9 AND DAY(pubdate) = 15"
셀트리온제약의 2일 전 뉴스 제목을 알려줘,"SELECT title, description FROM 셀트리온제약 WHERE pubdate = NOW() - INTERVAL 2 DAY"
LG에너지솔루션 6월 14일의 뉴스 링크를 알려줘,"SELECT title, link, description FROM LG에너지솔루션 WHERE MONTH(pubdate) = 6 AND DAY(pubdate) = 14"
포스코퓨처엠 관련 최근 뉴스를 알려줘,"SELECT title, link, description, pubdate FROM 포스코퓨처엠 ORDER BY pubdate DESC LIMIT 1"
셀트리온제약에서 2월 5일에 발표한 뉴스가 뭐야?,"SELECT title, link, description FROM 셀트리온제약 WHERE MONTH(pubdate) = 2 AND DAY(pubdate) = 5"
엘앤에프 10월 21일의 뉴스 링크를 알려줘,"SELECT title, link, description FROM 엘앤에프 WHERE MONTH(pubdate) = 10 AND DAY(pubdate) = 21"
포스코DX의 최근 13일 간의 뉴스를 요약해줘,"SELECT title, link ,description FROM 포스코DX ORDER BY pubdate DESC LIMIT 13"
JYP의 최신 소식을 알려줘,"SELECT title, link, description, pubdate FROM JYP ORDER BY pubdate DESC LIMIT 1"
에코프로비엠에서 10월 22일에 발표한 뉴스가 뭐야?,"SELECT title, link, description FROM 에코프로비엠 WHERE MONTH(pubdate) = 10 AND DAY(pubdate) = 22"
SK하이닉스의 지난 16일 간의 뉴스를 요약해줘,"SELECT title, link ,description FROM SK하이닉스 ORDER BY pubdate DESC LIMIT 16"
셀트리온제약의 최근 소식을 알려줘,"SELECT title, link, description, pubdate FROM 셀트리온제약 ORDER BY pubdate DESC LIMIT 1"
삼성전자의 최신 소식을 알려줘,"SELECT title, link, description, pubdate FROM 삼성전자 ORDER BY pubdate DESC LIMIT 1"
삼성전자의 최신 뉴스 7개를 요약해줘,"SELECT title, description FROM 삼성전자 ORDER BY pubdate DESC LIMIT 7"
POSCO홀딩스의 최근 소식을 알려줘,"SELECT title, link, description, pubdate FROM POSCO홀딩스 ORDER BY pubdate DESC LIMIT 1"
삼성전자 11월 5일의 뉴스 링크를 알려줘,"SELECT title, link, description FROM 삼성전자 WHERE MONTH(pubdate) = 11 AND DAY(pubdate) = 5"
에코프로의 최신 뉴스 링크를 보여줘,"SELECT title, link, description, pubdate FROM 에코프로 ORDER BY pubdate DESC LIMIT 1"
SK하이닉스 뉴스의 최근 제목 24개를 알려줘,"SELECT title, description FROM SK하이닉스 ORDER BY pubdate DESC LIMIT 24"
HLB에서 5월 6일에 발표한 뉴스가 뭐야?,"SELECT title, link, description FROM HLB WHERE MONTH(pubdate) = 5 AND DAY(pubdate) = 6"
포스코퓨처엠의 최신 뉴스 링크를 보여줘,"SELECT title, link, description, pubdate FROM 포스코퓨처엠 ORDER BY pubdate DESC LIMIT 1"
에코프로에서 10월 13일에 발표한 뉴스가 뭐야?,"SELECT title, link, description FROM 에코프로 WHERE MONTH(pubdate) = 10 AND DAY(pubdate) = 13"
셀트리온제약의 최근 20일 간의 뉴스를 요약해줘,"SELECT title, link ,description FROM 셀트리온제약 ORDER BY pubdate DESC LIMIT 20"
삼성바이오로직스 관련 최근 뉴스를 알려줘,"SELECT title, link, description, pubdate FROM 삼성바이오로직스 ORDER BY pubdate DESC LIMIT 1"
SK하이닉스의 최근 소식을 알려줘,"SELECT title, link, description, pubdate FROM SK하이닉스 ORDER BY pubdate DESC LIMIT 1"
셀트리온제약 관련 최근 뉴스를 알려줘,"SELECT title, link, description, pubdate FROM 셀트리온제약 ORDER BY pubdate DESC LIMIT 1"
네이버의 최신 뉴스 링크를 보여줘,"SELECT title, link, description, pubdate FROM 네이버 ORDER BY pubdate DESC LIMIT 1"
HLB의 최신 소식을 알려줘,"SELECT title, link, description, pubdate FROM HLB ORDER BY pubdate DESC LIMIT 1"
애플에서 3월 13일에 발표한 뉴스가 뭐야?,"SELECT title, link, description FROM 애플 WHERE MONTH(pubdate) = 3 AND DAY(pubdate) = 13"
삼성바이오로직스의 최근 6일 간의 뉴스를 요약해줘,"SELECT title, link ,description FROM 삼성바이오로직스 ORDER BY pubdate DESC LIMIT 6"
에코프로비엠 관련 최근 뉴스를 알려줘,"SELECT title, link, description, pubdate FROM 에코프로비엠 ORDER BY pubdate DESC LIMIT 1"
애플 8월 15일의 뉴스 링크를 알려줘,"SELECT title, link, description FROM 애플 WHERE MONTH(pubdate) = 8 AND DAY(pubdate) = 15"
에코프로의 최신 뉴스 12개를 요약해줘,"SELECT title, description FROM 에코프로 ORDER BY pubdate DESC LIMIT 12"
HLB의 최근 소식을 알려줘,"SELECT title, link, description, pubdate FROM HLB ORDER BY pubdate DESC LIMIT 1"
삼성전자우 관련 최근 뉴스를 알려줘,"SELECT title, link, description, pubdate FROM 삼성전자우 ORDER BY pubdate DESC LIMIT 1"
셀트리온헬스케어의 최신 뉴스 링크를 보여줘,"SELECT title, link, description, pubdate FROM 셀트리온헬스케어 ORDER BY pubdate DESC LIMIT 1"
셀트리온헬스케어의 최신 뉴스 링크를 보여줘,"SELECT title, link, description, pubdate FROM 셀트리온헬스케어 ORDER BY pubdate DESC LIMIT 1"
JYP의 최근 18일 간의 뉴스를 요약해줘,"SELECT title, link ,description FROM JYP ORDER BY pubdate DESC LIMIT 18"
POSCO홀딩스의 최신 소식을 알려줘,"SELECT title, link, description, pubdate FROM POSCO홀딩스 ORDER BY pubdate DESC LIMIT 1"
카카오의 최신 뉴스 14개를 요약해줘,"SELECT title, description FROM 카카오 ORDER BY pubdate DESC LIMIT 14"
HLB에서 2월 17일에 발표한 뉴스가 뭐야?,"SELECT title, link, description FROM HLB WHERE MONTH(pubdate) = 2 AND DAY(pubdate) = 17"
POSCO홀딩스의 지난 29일 간의 뉴스를 요약해줘,"SELECT title, link ,description FROM POSCO홀딩스 ORDER BY pubdate DESC LIMIT 29"
삼성전자우의 지난 26일 간의 뉴스를 요약해줘,"SELECT title, link ,description FROM 삼성전자우 ORDER BY pubdate DESC LIMIT 26"
네이버 뉴스의 최근 제목 17개를 알려줘,"SELECT title, description FROM 네이버 ORDER BY pubdate DESC LIMIT 17"
LG에너지솔루션에서 7월 16일에 발표한 뉴스가 뭐야?,"SELECT title, link, description FROM LG에너지솔루션 WHERE MONTH(pubdate) = 7 AND DAY(pubdate) = 16"
삼성바이오로직스의 최신 뉴스 19개를 요약해줘,"SELECT title, description FROM 삼성바이오로직스 ORDER BY pubdate DESC LIMIT 19"
포스코DX에서 2월 20일에 발표한 뉴스가 뭐야?,"SELECT title, link, description FROM 포스코DX WHERE MONTH(pubdate) = 2 AND DAY(pubdate) = 20"
포스코퓨처엠의 최신 소식을 알려줘,"SELECT title, link, description, pubdate FROM 포스코퓨처엠 ORDER BY pubdate DESC LIMIT 1"
셀트리온헬스케어의 8월 5일에 대한 뉴스 내용을 보여줘,"SELECT title, link, description FROM 셀트리온헬스케어 WHERE MONTH(pubdate) = 8 AND DAY(pubdate) = 5"
펄어비스의 지난 24일 간의 뉴스를 요약해줘,"SELECT title, link ,description FROM 펄어비스 ORDER BY pubdate DESC LIMIT 24"
포스코DX의 최신 뉴스 링크를 보여줘,"SELECT title, link, description, pubdate FROM 포스코DX ORDER BY pubdate DESC LIMIT 1"
애플에서 10월 27일에 발표한 뉴스가 뭐야?,"SELECT title, link, description FROM 애플 WHERE MONTH(pubdate) = 10 AND DAY(pubdate) = 27"
현대차의 최신 뉴스 20개를 요약해줘,"SELECT title, description FROM 현대차 ORDER BY pubdate DESC LIMIT 20"
삼성SDI에 대한 10월 3일의 뉴스 제목을 알려줘,"SELECT title, link, description FROM 삼성SDI WHERE MONTH(pubdate) = 10 AND DAY(pubdate) = 3"
카카오에서 1월 4일에 발표한 뉴스가 뭐야?,"SELECT title, link, description FROM 카카오 WHERE MONTH(pubdate) = 1 AND DAY(pubdate) = 4"
포스코퓨처엠의 최근 소식을 알려줘,"SELECT title, link, description, pubdate FROM 포스코퓨처엠 ORDER BY pubdate DESC LIMIT 1"
POSCO홀딩스의 지난 1일 동안의 뉴스를 요약해줘,"SELECT title, link ,description FROM POSCO홀딩스 ORDER BY pubdate DESC LIMIT 1"
에코프로의 1월 24일에 대한 뉴스 내용을 보여줘,"SELECT title, link, description FROM 에코프로 WHERE MONTH(pubdate) = 1 AND DAY(pubdate) = 24"
삼성전자의 9월 21일자 뉴스를 알려줘,"SELECT title, link, description FROM 삼성전자 WHERE MONTH(pubdate) = 9 AND DAY(pubdate) = 21"
에코프로비엠의 5월 1일에 대한 뉴스 내용을 보여줘,"SELECT title, link, description FROM 에코프로비엠 WHERE MONTH(pubdate) = 5 AND DAY(pubdate) = 1"
셀트리온제약의 지난 14일 동안의 뉴스를 요약해줘,"SELECT title, link ,description FROM 셀트리온제약 ORDER BY pubdate DESC LIMIT 14"
삼성SDI의 최신 뉴스 링크를 보여줘,"SELECT title, link, description, pubdate FROM 삼성SDI ORDER BY pubdate DESC LIMIT 1"
현대차에 대한 6월 17일의 뉴스 제목을 알려줘,"SELECT title, link, description FROM 현대차 WHERE MONTH(pubdate) = 6 AND DAY(pubdate) = 17"
펄어비스의 최근 21일 간의 뉴스를 요약해줘,"SELECT title, link ,description FROM 펄어비스 ORDER BY pubdate DESC LIMIT 21"
HLB의 지난 22일 동안의 뉴스를 요약해줘,"SELECT title, link ,description FROM HLB ORDER BY pubdate DESC LIMIT 22"
펄어비스의 지난 20일 간의 뉴스를 요약해줘,"SELECT title, link ,description FROM 펄어비스 ORDER BY pubdate DESC LIMIT 20"
엘앤에프에서 11월 17일에 발표한 뉴스가 뭐야?,"SELECT title, link, description FROM 엘앤에프 WHERE MONTH(pubdate) = 11 AND DAY(pubdate) = 17"
애플에서 9월 21일에 발표한 뉴스가 뭐야?,"SELECT title, link, description FROM 애플 WHERE MONTH(pubdate) = 9 AND DAY(pubdate) = 21"
HLB의 최근 29일 간의 뉴스를 요약해줘,"SELECT title, link ,description FROM HLB ORDER BY pubdate DESC LIMIT 29"
삼성전자우의 6월 25일자 뉴스를 알려줘,"SELECT title, link, description FROM 삼성전자우 WHERE MONTH(pubdate) = 6 AND DAY(pubdate) = 25"
엘앤에프의 지난 1일 동안의 뉴스를 요약해줘,"SELECT title, link ,description FROM 엘앤에프 ORDER BY pubdate DESC LIMIT 1"
포스코DX에 대한 3월 1일의 뉴스 제목을 알려줘,"SELECT title, link, description FROM 포스코DX WHERE MONTH(pubdate) = 3 AND DAY(pubdate) = 1"
포스코DX 뉴스의 최근 제목 11개를 알려줘,"SELECT title, description FROM 포스코DX ORDER BY pubdate DESC LIMIT 11"
SK하이닉스에서 8월 16일에 발표한 뉴스가 뭐야?,"SELECT title, link, description FROM SK하이닉스 WHERE MONTH(pubdate) = 8 AND DAY(pubdate) = 16"
삼성SDI의 5일 전 뉴스 제목을 알려줘,"SELECT title, description FROM 삼성SDI WHERE pubdate = NOW() - INTERVAL 5 DAY"
셀트리온제약의 최신 소식을 알려줘,"SELECT title, link, description, pubdate FROM 셀트리온제약 ORDER BY pubdate DESC LIMIT 1"
펄어비스 관련 최근 뉴스를 알려줘,"SELECT title, link, description, pubdate FROM 펄어비스 ORDER BY pubdate DESC LIMIT 1"
HLB의 지난 8일 동안의 뉴스를 요약해줘,"SELECT title, link ,description FROM HLB ORDER BY pubdate DESC LIMIT 8"
삼성SDI의 8월 26일에 대한 뉴스 내용을 보여줘,"SELECT title, link, description FROM 삼성SDI WHERE MONTH(pubdate) = 8 AND DAY(pubdate) = 26"
삼성바이오로직스에서 11월 27일에 발표한 뉴스가 뭐야?,"SELECT title, link, description FROM 삼성바이오로직스 WHERE MONTH(pubdate) = 11 AND DAY(pubdate) = 27"
애플 관련 최근 뉴스를 알려줘,"SELECT title, link, description, pubdate FROM 애플 ORDER BY pubdate DESC LIMIT 1"
삼성SDI에서 10월 15일에 발표한 뉴스가 뭐야?,"SELECT title, link, description FROM 삼성SDI WHERE MONTH(pubdate) = 10 AND DAY(pubdate) = 15"
삼성SDI의 최근 소식을 알려줘,"SELECT title, link, description, pubdate FROM 삼성SDI ORDER BY pubdate DESC LIMIT 1"
엘앤에프의 29일 전 뉴스 제목을 알려줘,"SELECT title, description FROM 엘앤에프 WHERE pubdate = NOW() - INTERVAL 29 DAY"
JYP에 대한 3월 4일의 뉴스 제목을 알려줘,"SELECT title, link, description FROM JYP WHERE MONTH(pubdate) = 3 AND DAY(pubdate) = 4"
삼성전자우의 3월 28일자 뉴스를 알려줘,"SELECT title, link, description FROM 삼성전자우 WHERE MONTH(pubdate) = 3 AND DAY(pubdate) = 28"
애플의 최근 소식을 알려줘,"SELECT title, link, description, pubdate FROM 애플 ORDER BY pubdate DESC LIMIT 1"
포스코DX 뉴스의 최근 제목 25개를 알려줘,"SELECT title, description FROM 포스코DX ORDER BY pubdate DESC LIMIT 25"
펄어비스의 최근 소식을 알려줘,"SELECT title, link, description, pubdate FROM 펄어비스 ORDER BY pubdate DESC LIMIT 1"
삼성전자우의 9일 전 뉴스 제목을 알려줘,"SELECT title, description FROM 삼성전자우 WHERE pubdate = NOW() - INTERVAL 9 DAY"
현대차의 최근 소식을 알려줘,"SELECT title, link, description, pubdate FROM 현대차 ORDER BY pubdate DESC LIMIT 1"
셀트리온제약의 최신 뉴스 링크를 보여줘,"SELECT title, link, description, pubdate FROM 셀트리온제약 ORDER BY pubdate DESC LIMIT 1"
셀트리온제약의 최근 12일 간의 뉴스를 요약해줘,"SELECT title, link ,description FROM 셀트리온제약 ORDER BY pubdate DESC LIMIT 12"
JYP 관련 최근 뉴스를 알려줘,"SELECT title, link, description, pubdate FROM JYP ORDER BY pubdate DESC LIMIT 1"
현대차의 최근 4일 간의 뉴스를 요약해줘,"SELECT title, link ,description FROM 현대차 ORDER BY pubdate DESC LIMIT 4"
현대차의 3월 3일에 대한 뉴스 내용을 보여줘,"SELECT title, link, description FROM 현대차 WHERE MONTH(pubdate) = 3 AND DAY(pubdate) = 3"
에코프로의 최근 4일 간의 뉴스를 요약해줘,"SELECT title, link ,description FROM 에코프로 ORDER BY pubdate DESC LIMIT 4"
HLB의 최신 뉴스 20개를 요약해줘,"SELECT title, description FROM HLB ORDER BY pubdate DESC LIMIT 20"
POSCO홀딩스의 최근 17일 간의 뉴스를 요약해줘,"SELECT title, link ,description FROM POSCO홀딩스 ORDER BY pubdate DESC LIMIT 17"
POSCO홀딩스의 최근 26일 간의 뉴스를 요약해줘,"SELECT title, link ,description FROM POSCO홀딩스 ORDER BY pubdate DESC LIMIT 26"
현대차 7월 11일의 뉴스 링크를 알려줘,"SELECT title, link, description FROM 현대차 WHERE MONTH(pubdate) = 7 AND DAY(pubdate) = 11"
애플의 지난 24일 동안의 뉴스를 요약해줘,"SELECT title, link ,description FROM 애플 ORDER BY pubdate DESC LIMIT 24"
셀트리온제약에서 8월 13일에 발표한 뉴스가 뭐야?,"SELECT title, link, description FROM 셀트리온제약 WHERE MONTH(pubdate) = 8 AND DAY(pubdate) = 13"
셀트리온제약의 9월 16일자 뉴스를 알려줘,"SELECT title, link, description FROM 셀트리온제약 WHERE MONTH(pubdate) = 9 AND DAY(pubdate) = 16"
LG에너지솔루션 6월 6일의 뉴스 링크를 알려줘,"SELECT title, link, description FROM LG에너지솔루션 WHERE MONTH(pubdate) = 6 AND DAY(pubdate) = 6"
펄어비스의 24일 전 뉴스 제목을 알려줘,"SELECT title, description FROM 펄어비스 WHERE pubdate = NOW() - INTERVAL 24 DAY"
삼성SDI 뉴스의 최근 제목 7개를 알려줘,"SELECT title, description FROM 삼성SDI ORDER BY pubdate DESC LIMIT 7"
포스코퓨처엠의 최신 소식을 알려줘,"SELECT title, link, description, pubdate FROM 포스코퓨처엠 ORDER BY pubdate DESC LIMIT 1"
에코프로비엠의 최근 1일 간의 뉴스를 요약해줘,"SELECT title, link ,description FROM 에코프로비엠 ORDER BY pubdate DESC LIMIT 1"
애플의 2월 17일자 뉴스를 알려줘,"SELECT title, link, description FROM 애플 WHERE MONTH(pubdate) = 2 AND DAY(pubdate) = 17"
현대차 4월 10일의 뉴스 링크를 알려줘,"SELECT title, link, description FROM 현대차 WHERE MONTH(pubdate) = 4 AND DAY(pubdate) = 10"
HLB의 최근 21일 간의 뉴스를 요약해줘,"SELECT title, link ,description FROM HLB ORDER BY pubdate DESC LIMIT 21"
삼성전자우에 대한 8월 28일의 뉴스 제목을 알려줘,"SELECT title, link, description FROM 삼성전자우 WHERE MONTH(pubdate) = 8 AND DAY(pubdate) = 28"
POSCO홀딩스의 지난 12일 동안의 뉴스를 요약해줘,"SELECT title, link ,description FROM POSCO홀딩스 ORDER BY pubdate DESC LIMIT 12"
삼성SDI의 최신 뉴스 링크를 보여줘,"SELECT title, link, description, pubdate FROM 삼성SDI ORDER BY pubdate DESC LIMIT 1"
펄어비스의 지난 27일 간의 뉴스를 요약해줘,"SELECT title, link ,description FROM 펄어비스 ORDER BY pubdate DESC LIMIT 27"
삼성SDI에서 8월 16일에 발표한 뉴스가 뭐야?,"SELECT title, link, description FROM 삼성SDI WHERE MONTH(pubdate) = 8 AND DAY(pubdate) = 16"
POSCO홀딩스에 대한 2월 15일의 뉴스 제목을 알려줘,"SELECT title, link, description FROM POSCO홀딩스 WHERE MONTH(pubdate) = 2 AND DAY(pubdate) = 15"
POSCO홀딩스의 12월 1일에 대한 뉴스 내용을 보여줘,"SELECT title, link, description FROM POSCO홀딩스 WHERE MONTH(pubdate) = 12 AND DAY(pubdate) = 1"
펄어비스에서 3월 14일에 발표한 뉴스가 뭐야?,"SELECT title, link, description FROM 펄어비스 WHERE MONTH(pubdate) = 3 AND DAY(pubdate) = 14"
펄어비스의 최근 소식을 알려줘,"SELECT title, link, description, pubdate FROM 펄어비스 ORDER BY pubdate DESC LIMIT 1"
POSCO홀딩스의 9월 19일에 대한 뉴스 내용을 보여줘,"SELECT title, link, description FROM POSCO홀딩스 WHERE MONTH(pubdate) = 9 AND DAY(pubdate) = 19"
엘앤에프의 최근 소식을 알려줘,"SELECT title, link, description, pubdate FROM 엘앤에프 ORDER BY pubdate DESC LIMIT 1"
애플에서 7월 1일에 발표한 뉴스가 뭐야?,"SELECT title, link, description FROM 애플 WHERE MONTH(pubdate) = 7 AND DAY(pubdate) = 1"
카카오 관련 최근 뉴스를 알려줘,"SELECT title, link, description, pubdate FROM 카카오 ORDER BY pubdate DESC LIMIT 1"
JYP 관련 최근 뉴스를 알려줘,"SELECT title, link, description, pubdate FROM JYP ORDER BY pubdate DESC LIMIT 1"
JYP에서 8월 26일에 발표한 뉴스가 뭐야?,"SELECT title, link, description FROM JYP WHERE MONTH(pubdate) = 8 AND DAY(pubdate) = 26"
삼성전자의 최신 뉴스 링크를 보여줘,"SELECT title, link, description, pubdate FROM 삼성전자 ORDER BY pubdate DESC LIMIT 1"
펄어비스의 최근 소식을 알려줘,"SELECT title, link, description, pubdate FROM 펄어비스 ORDER BY pubdate DESC LIMIT 1"
POSCO홀딩스의 최근 소식을 알려줘,"SELECT title, link, description, pubdate FROM POSCO홀딩스 ORDER BY pubdate DESC LIMIT 1"
네이버 관련 최근 뉴스를 알려줘,"SELECT title, link, description, pubdate FROM 네이버 ORDER BY pubdate DESC LIMIT 1"
HLB의 최신 소식을 알려줘,"SELECT title, link, description, pubdate FROM HLB ORDER BY pubdate DESC LIMIT 1"
에코프로비엠에서 2월 1일에 발표한 뉴스가 뭐야?,"SELECT title, link, description FROM 에코프로비엠 WHERE MONTH(pubdate) = 2 AND DAY(pubdate) = 1"
삼성바이오로직스의 최신 소식을 알려줘,"SELECT title, link, description, pubdate FROM 삼성바이오로직스 ORDER BY pubdate DESC LIMIT 1"
현대차에 대한 12월 3일의 뉴스 제목을 알려줘,"SELECT title, link, description FROM 현대차 WHERE MONTH(pubdate) = 12 AND DAY(pubdate) = 3"
HLB의 지난 28일 간의 뉴스를 요약해줘,"SELECT title, link ,description FROM HLB ORDER BY pubdate DESC LIMIT 28"
애플의 지난 21일 동안의 뉴스를 요약해줘,"SELECT title, link ,description FROM 애플 ORDER BY pubdate DESC LIMIT 21"
삼성전자의 최신 뉴스 링크를 보여줘,"SELECT title, link, description, pubdate FROM 삼성전자 ORDER BY pubdate DESC LIMIT 1"
POSCO홀딩스의 최신 뉴스 12개를 요약해줘,"SELECT title, description FROM POSCO홀딩스 ORDER BY pubdate DESC LIMIT 12"
LG에너지솔루션의 최신 뉴스 26개를 요약해줘,"SELECT title, description FROM LG에너지솔루션 ORDER BY pubdate DESC LIMIT 26"
POSCO홀딩스의 5월 13일에 대한 뉴스 내용을 보여줘,"SELECT title, link, description FROM POSCO홀딩스 WHERE MONTH(pubdate) = 5 AND DAY(pubdate) = 13"
현대차의 최신 뉴스 18개를 요약해줘,"SELECT title, description FROM 현대차 ORDER BY pubdate DESC LIMIT 18"
SK하이닉스의 최신 뉴스 7개를 요약해줘,"SELECT title, description FROM SK하이닉스 ORDER BY pubdate DESC LIMIT 7"
JYP 관련 최근 뉴스를 알려줘,"SELECT title, link, description, pubdate FROM JYP ORDER BY pubdate DESC LIMIT 1"
네이버의 3월 20일에 대한 뉴스 내용을 보여줘,"SELECT title, link, description FROM 네이버 WHERE MONTH(pubdate) = 3 AND DAY(pubdate) = 20"
에코프로의 지난 10일 동안의 뉴스를 요약해줘,"SELECT title, link ,description FROM 에코프로 ORDER BY pubdate DESC LIMIT 10"
펄어비스 뉴스의 최근 제목 30개를 알려줘,"SELECT title, description FROM 펄어비스 ORDER BY pubdate DESC LIMIT 30"
에코프로 뉴스의 최근 제목 28개를 알려줘,"SELECT title, description FROM 에코프로 ORDER BY pubdate DESC LIMIT 28"
카카오의 최신 뉴스 링크를 보여줘,"SELECT title, link, description, pubdate FROM 카카오 ORDER BY pubdate DESC LIMIT 1"
JYP의 지난 2일 간의 뉴스를 요약해줘,"SELECT title, link ,description FROM JYP ORDER BY pubdate DESC LIMIT 2"
삼성SDI의 최근 25일 간의 뉴스를 요약해줘,"SELECT title, link ,description FROM 삼성SDI ORDER BY pubdate DESC LIMIT 25"
포스코DX의 최신 뉴스 23개를 요약해줘,"SELECT title, description FROM 포스코DX ORDER BY pubdate DESC LIMIT 23"
LG에너지솔루션 관련 최근 뉴스를 알려줘,"SELECT title, link, description, pubdate FROM LG에너지솔루션 ORDER BY pubdate DESC LIMIT 1"
펄어비스의 최신 뉴스 3개를 요약해줘,"SELECT title, description FROM 펄어비스 ORDER BY pubdate DESC LIMIT 3"
셀트리온제약 관련 최근 뉴스를 알려줘,"SELECT title, link, description, pubdate FROM 셀트리온제약 ORDER BY pubdate DESC LIMIT 1"
애플의 지난 3일 간의 뉴스를 요약해줘,"SELECT title, link ,description FROM 애플 ORDER BY pubdate DESC LIMIT 3"
HLB의 최신 뉴스 16개를 요약해줘,"SELECT title, description FROM HLB ORDER BY pubdate DESC LIMIT 16"
에코프로의 최근 15일 간의 뉴스를 요약해줘,"SELECT title, link ,description FROM 에코프로 ORDER BY pubdate DESC LIMIT 15"
에코프로의 최근 24일 간의 뉴스를 요약해줘,"SELECT title, link ,description FROM 에코프로 ORDER BY pubdate DESC LIMIT 24"
애플에서 5월 14일에 발표한 뉴스가 뭐야?,"SELECT title, link, description FROM 애플 WHERE MONTH(pubdate) = 5 AND DAY(pubdate) = 14"
삼성바이오로직스의 최근 소식을 알려줘,"SELECT title, link, description, pubdate FROM 삼성바이오로직스 ORDER BY pubdate DESC LIMIT 1"
현대차의 최신 소식을 알려줘,"SELECT title, link, description, pubdate FROM 현대차 ORDER BY pubdate DESC LIMIT 1"
셀트리온제약의 지난 14일 간의 뉴스를 요약해줘,"SELECT title, link ,description FROM 셀트리온제약 ORDER BY pubdate DESC LIMIT 14"
네이버에서 11월 9일에 발표한 뉴스가 뭐야?,"SELECT title, link, description FROM 네이버 WHERE MONTH(pubdate) = 11 AND DAY(pubdate) = 9"
LG에너지솔루션의 지난 30일 동안의 뉴스를 요약해줘,"SELECT title, link ,description FROM LG에너지솔루션 ORDER BY pubdate DESC LIMIT 30"
삼성바이오로직스의 최근 소식을 알려줘,"SELECT title, link, description, pubdate FROM 삼성바이오로직스 ORDER BY pubdate DESC LIMIT 1"
에코프로 관련 최근 뉴스를 알려줘,"SELECT title, link, description, pubdate FROM 에코프로 ORDER BY pubdate DESC LIMIT 1"
삼성바이오로직스의 9일 전 뉴스 제목을 알려줘,"SELECT title, description FROM 삼성바이오로직스 WHERE pubdate = NOW() - INTERVAL 9 DAY"
SK하이닉스에서 9월 28일에 발표한 뉴스가 뭐야?,"SELECT title, link, description FROM SK하이닉스 WHERE MONTH(pubdate) = 9 AND DAY(pubdate) = 28"
삼성SDI 뉴스의 최근 제목 12개를 알려줘,"SELECT title, description FROM 삼성SDI ORDER BY pubdate DESC LIMIT 12"
셀트리온헬스케어의 최근 25일 간의 뉴스를 요약해줘,"SELECT title, link ,description FROM 셀트리온헬스케어 ORDER BY pubdate DESC LIMIT 25"
셀트리온헬스케어의 최신 소식을 알려줘,"SELECT title, link, description, pubdate FROM 셀트리온헬스케어 ORDER BY pubdate DESC LIMIT 1"
에코프로의 최근 22일 간의 뉴스를 요약해줘,"SELECT title, link ,description FROM 에코프로 ORDER BY pubdate DESC LIMIT 22"
HLB의 지난 27일 간의 뉴스를 요약해줘,"SELECT title, link ,description FROM HLB ORDER BY pubdate DESC LIMIT 27"
삼성SDI의 12월 22일에 대한 뉴스 내용을 보여줘,"SELECT title, link, description FROM 삼성SDI WHERE MONTH(pubdate) = 12 AND DAY(pubdate) = 22"
포스코DX의 최신 뉴스 링크를 보여줘,"SELECT title, link, description, pubdate FROM 포스코DX ORDER BY pubdate DESC LIMIT 1"
포스코DX에 대한 2월 6일의 뉴스 제목을 알려줘,"SELECT title, link, description FROM 포스코DX WHERE MONTH(pubdate) = 2 AND DAY(pubdate) = 6"
셀트리온헬스케어 관련 최근 뉴스를 알려줘,"SELECT title, link, description, pubdate FROM 셀트리온헬스케어 ORDER BY pubdate DESC LIMIT 1"
JYP의 최근 3일 간의 뉴스를 요약해줘,"SELECT title, link ,description FROM JYP ORDER BY pubdate DESC LIMIT 3"
삼성바이오로직스의 최근 소식을 알려줘,"SELECT title, link, description, pubdate FROM 삼성바이오로직스 ORDER BY pubdate DESC LIMIT 1"
포스코DX의 최신 소식을 알려줘,"SELECT title, link, description, pubdate FROM 포스코DX ORDER BY pubdate DESC LIMIT 1"
네이버의 21일 전 뉴스 제목을 알려줘,"SELECT title, description FROM 네이버 WHERE pubdate = NOW() - INTERVAL 21 DAY"
애플에서 8월 18일에 발표한 뉴스가 뭐야?,"SELECT title, link, description FROM 애플 WHERE MONTH(pubdate) = 8 AND DAY(pubdate) = 18"
SK하이닉스 관련 최근 뉴스를 알려줘,"SELECT title, link, description, pubdate FROM SK하이닉스 ORDER BY pubdate DESC LIMIT 1"
LG에너지솔루션의 7월 26일자 뉴스를 알려줘,"SELECT title, link, description FROM LG에너지솔루션 WHERE MONTH(pubdate) = 7 AND DAY(pubdate) = 26"
POSCO홀딩스의 최신 뉴스 링크를 보여줘,"SELECT title, link, description, pubdate FROM POSCO홀딩스 ORDER BY pubdate DESC LIMIT 1"
삼성바이오로직스 7월 7일의 뉴스 링크를 알려줘,"SELECT title, link, description FROM 삼성바이오로직스 WHERE MONTH(pubdate) = 7 AND DAY(pubdate) = 7"
카카오의 최근 20일 간의 뉴스를 요약해줘,"SELECT title, link ,description FROM 카카오 ORDER BY pubdate DESC LIMIT 20"
셀트리온제약에서 9월 27일에 발표한 뉴스가 뭐야?,"SELECT title, link, description FROM 셀트리온제약 WHERE MONTH(pubdate) = 9 AND DAY(pubdate) = 27"
셀트리온헬스케어의 3월 19일자 뉴스를 알려줘,"SELECT title, link, description FROM 셀트리온헬스케어 WHERE MONTH(pubdate) = 3 AND DAY(pubdate) = 19"
HLB의 지난 30일 동안의 뉴스를 요약해줘,"SELECT title, link ,description FROM HLB ORDER BY pubdate DESC LIMIT 30"
카카오 관련 최근 뉴스를 알려줘,"SELECT title, link, description, pubdate FROM 카카오 ORDER BY pubdate DESC LIMIT 1"
삼성SDI의 지난 16일 동안의 뉴스를 요약해줘,"SELECT title, link ,description FROM 삼성SDI ORDER BY pubdate DESC LIMIT 16"
SK하이닉스의 5월 7일에 대한 뉴스 내용을 보여줘,"SELECT title, link, description FROM SK하이닉스 WHERE MONTH(pubdate) = 5 AND DAY(pubdate) = 7"
HLB의 지난 30일 동안의 뉴스를 요약해줘,"SELECT title, link ,description FROM HLB ORDER BY pubdate DESC LIMIT 30"
현대차에서 2월 28일에 발표한 뉴스가 뭐야?,"SELECT title, link, description FROM 현대차 WHERE MONTH(pubdate) = 2 AND DAY(pubdate) = 28"
네이버의 지난 12일 동안의 뉴스를 요약해줘,"SELECT title, link ,description FROM 네이버 ORDER BY pubdate DESC LIMIT 12"
네이버의 3월 11일에 대한 뉴스 내용을 보여줘,"SELECT title, link, description FROM 네이버 WHERE MONTH(pubdate) = 3 AND DAY(pubdate) = 11"
현대차의 8월 19일에 대한 뉴스 내용을 보여줘,"SELECT title, link, description FROM 현대차 WHERE MONTH(pubdate) = 8 AND DAY(pubdate) = 19"
삼성바이오로직스의 2일 전 뉴스 제목을 알려줘,"SELECT title, description FROM 삼성바이오로직스 WHERE pubdate = NOW() - INTERVAL 2 DAY"
카카오의 13일 전 뉴스 제목을 알려줘,"SELECT title, description FROM 카카오 WHERE pubdate = NOW() - INTERVAL 13 DAY"
포스코DX의 최신 소식을 알려줘,"SELECT title, link, description, pubdate FROM 포스코DX ORDER BY pubdate DESC LIMIT 1"
에코프로비엠의 최근 6일 간의 뉴스를 요약해줘,"SELECT title, link ,description FROM 에코프로비엠 ORDER BY pubdate DESC LIMIT 6"
LG에너지솔루션 관련 최근 뉴스를 알려줘,"SELECT title, link, description, pubdate FROM LG에너지솔루션 ORDER BY pubdate DESC LIMIT 1"
SK하이닉스의 4월 26일자 뉴스를 알려줘,"SELECT title, link, description FROM SK하이닉스 WHERE MONTH(pubdate) = 4 AND DAY(pubdate) = 26"
에코프로의 20일 전 뉴스 제목을 알려줘,"SELECT title, description FROM 에코프로 WHERE pubdate = NOW() - INTERVAL 20 DAY"
셀트리온제약의 최근 25일 간의 뉴스를 요약해줘,"SELECT title, link ,description FROM 셀트리온제약 ORDER BY pubdate DESC LIMIT 25"
셀트리온제약의 지난 30일 동안의 뉴스를 요약해줘,"SELECT title, link ,description FROM 셀트리온제약 ORDER BY pubdate DESC LIMIT 30"
포스코퓨처엠의 11월 11일에 대한 뉴스 내용을 보여줘,"SELECT title, link, description FROM 포스코퓨처엠 WHERE MONTH(pubdate) = 11 AND DAY(pubdate) = 11"
삼성바이오로직스의 최신 뉴스 링크를 보여줘,"SELECT title, link, description, pubdate FROM 삼성바이오로직스 ORDER BY pubdate DESC LIMIT 1"
삼성전자의 지난 28일 간의 뉴스를 요약해줘,"SELECT title, link ,description FROM 삼성전자 ORDER BY pubdate DESC LIMIT 28"
삼성바이오로직스의 19일 전 뉴스 제목을 알려줘,"SELECT title, description FROM 삼성바이오로직스 WHERE pubdate = NOW() - INTERVAL 19 DAY"
포스코퓨처엠의 최신 뉴스 7개를 요약해줘,"SELECT title, description FROM 포스코퓨처엠 ORDER BY pubdate DESC LIMIT 7"
삼성SDI 관련 최근 뉴스를 알려줘,"SELECT title, link, description, pubdate FROM 삼성SDI ORDER BY pubdate DESC LIMIT 1"
에코프로에서 5월 17일에 발표한 뉴스가 뭐야?,"SELECT title, link, description FROM 에코프로 WHERE MONTH(pubdate) = 5 AND DAY(pubdate) = 17"
삼성전자에서 2월 4일에 발표한 뉴스가 뭐야?,"SELECT title, link, description FROM 삼성전자 WHERE MONTH(pubdate) = 2 AND DAY(pubdate) = 4"
삼성SDI에 대한 10월 12일의 뉴스 제목을 알려줘,"SELECT title, link, description FROM 삼성SDI WHERE MONTH(pubdate) = 10 AND DAY(pubdate) = 12"
펄어비스에서 6월 11일에 발표한 뉴스가 뭐야?,"SELECT title, link, description FROM 펄어비스 WHERE MONTH(pubdate) = 6 AND DAY(pubdate) = 11"
삼성전자 뉴스의 최근 제목 9개를 알려줘,"SELECT title, description FROM 삼성전자 ORDER BY pubdate DESC LIMIT 9"
SK하이닉스에 대한 11월 3일의 뉴스 제목을 알려줘,"SELECT title, link, description FROM SK하이닉스 WHERE MONTH(pubdate) = 11 AND DAY(pubdate) = 3"
SK하이닉스의 12월 24일자 뉴스를 알려줘,"SELECT title, link, description FROM SK하이닉스 WHERE MONTH(pubdate) = 12 AND DAY(pubdate) = 24"
JYP에서 11월 25일에 발표한 뉴스가 뭐야?,"SELECT title, link, description FROM JYP WHERE MONTH(pubdate) = 11 AND DAY(pubdate) = 25"
삼성SDI의 4월 13일에 대한 뉴스 내용을 보여줘,"SELECT title, link, description FROM 삼성SDI WHERE MONTH(pubdate) = 4 AND DAY(pubdate) = 13"
펄어비스의 최근 29일 간의 뉴스를 요약해줘,"SELECT title, link ,description FROM 펄어비스 ORDER BY pubdate DESC LIMIT 29"
네이버의 지난 3일 동안의 뉴스를 요약해줘,"SELECT title, link ,description FROM 네이버 ORDER BY pubdate DESC LIMIT 3"
셀트리온제약의 최신 소식을 알려줘,"SELECT title, link, description, pubdate FROM 셀트리온제약 ORDER BY pubdate DESC LIMIT 1"
HLB에서 3월 6일에 발표한 뉴스가 뭐야?,"SELECT title, link, description FROM HLB WHERE MONTH(pubdate) = 3 AND DAY(pubdate) = 6"
카카오 10월 5일의 뉴스 링크를 알려줘,"SELECT title, link, description FROM 카카오 WHERE MONTH(pubdate) = 10 AND DAY(pubdate) = 5"
삼성바이오로직스 관련 최근 뉴스를 알려줘,"SELECT title, link, description, pubdate FROM 삼성바이오로직스 ORDER BY pubdate DESC LIMIT 1"
LG에너지솔루션의 최근 8일 간의 뉴스를 요약해줘,"SELECT title, link ,description FROM LG에너지솔루션 ORDER BY pubdate DESC LIMIT 8"
셀트리온헬스케어 뉴스의 최근 제목 5개를 알려줘,"SELECT title, description FROM 셀트리온헬스케어 ORDER BY pubdate DESC LIMIT 5"
셀트리온헬스케어의 6일 전 뉴스 제목을 알려줘,"SELECT title, description FROM 셀트리온헬스케어 WHERE pubdate = NOW() - INTERVAL 6 DAY"
에코프로 12월 26일의 뉴스 링크를 알려줘,"SELECT title, link, description FROM 에코프로 WHERE MONTH(pubdate) = 12 AND DAY(pubdate) = 26"
삼성바이오로직스의 최근 7일 간의 뉴스를 요약해줘,"SELECT title, link ,description FROM 삼성바이오로직스 ORDER BY pubdate DESC LIMIT 7"
HLB에 대한 6월 8일의 뉴스 제목을 알려줘,"SELECT title, link, description FROM HLB WHERE MONTH(pubdate) = 6 AND DAY(pubdate) = 8"
포스코퓨처엠 관련 최근 뉴스를 알려줘,"SELECT title, link, description, pubdate FROM 포스코퓨처엠 ORDER BY pubdate DESC LIMIT 1"
LG에너지솔루션의 10월 27일에 대한 뉴스 내용을 보여줘,"SELECT title, link, description FROM LG에너지솔루션 WHERE MONTH(pubdate) = 10 AND DAY(pubdate) = 27"
네이버의 최신 뉴스 16개를 요약해줘,"SELECT title, description FROM 네이버 ORDER BY pubdate DESC LIMIT 16"
엘앤에프의 최근 27일 간의 뉴스를 요약해줘,"SELECT title, link ,description FROM 엘앤에프 ORDER BY pubdate DESC LIMIT 27"
JYP의 7월 12일자 뉴스를 알려줘,"SELECT title, link, description FROM JYP WHERE MONTH(pubdate) = 7 AND DAY(pubdate) = 12"
에코프로비엠의 지난 15일 간의 뉴스를 요약해줘,"SELECT title, link ,description FROM 에코프로비엠 ORDER BY pubdate DESC LIMIT 15"
JYP의 22일 전 뉴스 제목을 알려줘,"SELECT title, description FROM JYP WHERE pubdate = NOW() - INTERVAL 22 DAY"
셀트리온제약의 최근 18일 간의 뉴스를 요약해줘,"SELECT title, link ,description FROM 셀트리온제약 ORDER BY pubdate DESC LIMIT 18"
삼성전자우의 지난 9일 간의 뉴스를 요약해줘,"SELECT title, link ,description FROM 삼성전자우 ORDER BY pubdate DESC LIMIT 9"
포스코DX 7월 10일의 뉴스 링크를 알려줘,"SELECT title, link, description FROM 포스코DX WHERE MONTH(pubdate) = 7 AND DAY(pubdate) = 10"
현대차 관련 최근 뉴스를 알려줘,"SELECT title, link, description, pubdate FROM 현대차 ORDER BY pubdate DESC LIMIT 1"
POSCO홀딩스에 대한 9월 2일의 뉴스 제목을 알려줘,"SELECT title, link, description FROM POSCO홀딩스 WHERE MONTH(pubdate) = 9 AND DAY(pubdate) = 2"
애플의 최근 14일 간의 뉴스를 요약해줘,"SELECT title, link ,description FROM 애플 ORDER BY pubdate DESC LIMIT 14"
포스코DX의 최근 소식을 알려줘,"SELECT title, link, description, pubdate FROM 포스코DX ORDER BY pubdate DESC LIMIT 1"
POSCO홀딩스의 9월 11일자 뉴스를 알려줘,"SELECT title, link, description FROM POSCO홀딩스 WHERE MONTH(pubdate) = 9 AND DAY(pubdate) = 11"
현대차 뉴스의 최근 제목 21개를 알려줘,"SELECT title, description FROM 현대차 ORDER BY pubdate DESC LIMIT 21"
에코프로 8월 17일의 뉴스 링크를 알려줘,"SELECT title, link, description FROM 에코프로 WHERE MONTH(pubdate) = 8 AND DAY(pubdate) = 17"
네이버에서 6월 1일에 발표한 뉴스가 뭐야?,"SELECT title, link, description FROM 네이버 WHERE MONTH(pubdate) = 6 AND DAY(pubdate) = 1"
에코프로비엠의 최근 30일 간의 뉴스를 요약해줘,"SELECT title, link ,description FROM 에코프로비엠 ORDER BY pubdate DESC LIMIT 30"
현대차에 대한 12월 25일의 뉴스 제목을 알려줘,"SELECT title, link, description FROM 현대차 WHERE MONTH(pubdate) = 12 AND DAY(pubdate) = 25"
애플의 최신 뉴스 링크를 보여줘,"SELECT title, link, description, pubdate FROM 애플 ORDER BY pubdate DESC LIMIT 1"
에코프로 관련 최근 뉴스를 알려줘,"SELECT title, link, description, pubdate FROM 에코프로 ORDER BY pubdate DESC LIMIT 1"
포스코DX에 대한 3월 25일의 뉴스 제목을 알려줘,"SELECT title, link, description FROM 포스코DX WHERE MONTH(pubdate) = 3 AND DAY(pubdate) = 25"
에코프로의 최신 소식을 알려줘,"SELECT title, link, description, pubdate FROM 에코프로 ORDER BY pubdate DESC LIMIT 1"
셀트리온제약의 26일 전 뉴스 제목을 알려줘,"SELECT title, description FROM 셀트리온제약 WHERE pubdate = NOW() - INTERVAL 26 DAY"
셀트리온헬스케어 뉴스의 최근 제목 9개를 알려줘,"SELECT title, description FROM 셀트리온헬스케어 ORDER BY pubdate DESC LIMIT 9"
JYP의 지난 2일 간의 뉴스를 요약해줘,"SELECT title, link ,description FROM JYP ORDER BY pubdate DESC LIMIT 2"
삼성SDI의 지난 7일 동안의 뉴스를 요약해줘,"SELECT title, link ,description FROM 삼성SDI ORDER BY pubdate DESC LIMIT 7"
삼성SDI에서 4월 16일에 발표한 뉴스가 뭐야?,"SELECT title, link, description FROM 삼성SDI WHERE MONTH(pubdate) = 4 AND DAY(pubdate) = 16"
삼성전자우의 최신 뉴스 링크를 보여줘,"SELECT title, link, description, pubdate FROM 삼성전자우 ORDER BY pubdate DESC LIMIT 1"
현대차에서 12월 11일에 발표한 뉴스가 뭐야?,"SELECT title, link, description FROM 현대차 WHERE MONTH(pubdate) = 12 AND DAY(pubdate) = 11"
펄어비스의 4월 23일자 뉴스를 알려줘,"SELECT title, link, description FROM 펄어비스 WHERE MONTH(pubdate) = 4 AND DAY(pubdate) = 23"
포스코DX 뉴스의 최근 제목 10개를 알려줘,"SELECT title, description FROM 포스코DX ORDER BY pubdate DESC LIMIT 10"
포스코DX의 최근 5일 간의 뉴스를 요약해줘,"SELECT title, link ,description FROM 포스코DX ORDER BY pubdate DESC LIMIT 5"
LG에너지솔루션의 지난 26일 간의 뉴스를 요약해줘,"SELECT title, link ,description FROM LG에너지솔루션 ORDER BY pubdate DESC LIMIT 26"
엘앤에프에서 9월 8일에 발표한 뉴스가 뭐야?,"SELECT title, link, description FROM 엘앤에프 WHERE MONTH(pubdate) = 9 AND DAY(pubdate) = 8"
카카오에서 12월 16일에 발표한 뉴스가 뭐야?,"SELECT title, link, description FROM 카카오 WHERE MONTH(pubdate) = 12 AND DAY(pubdate) = 16"
에코프로에 대한 9월 4일의 뉴스 제목을 알려줘,"SELECT title, link, description FROM 에코프로 WHERE MONTH(pubdate) = 9 AND DAY(pubdate) = 4"
네이버에서 9월 21일에 발표한 뉴스가 뭐야?,"SELECT title, link, description FROM 네이버 WHERE MONTH(pubdate) = 9 AND DAY(pubdate) = 21"
셀트리온제약에서 7월 2일에 발표한 뉴스가 뭐야?,"SELECT title, link, description FROM 셀트리온제약 WHERE MONTH(pubdate) = 7 AND DAY(pubdate) = 2"
SK하이닉스의 4월 23일자 뉴스를 알려줘,"SELECT title, link, description FROM SK하이닉스 WHERE MONTH(pubdate) = 4 AND DAY(pubdate) = 23"
삼성전자우 뉴스의 최근 제목 17개를 알려줘,"SELECT title, description FROM 삼성전자우 ORDER BY pubdate DESC LIMIT 17"
포스코퓨처엠의 지난 13일 동안의 뉴스를 요약해줘,"SELECT title, link ,description FROM 포스코퓨처엠 ORDER BY pubdate DESC LIMIT 13"
POSCO홀딩스의 4월 13일에 대한 뉴스 내용을 보여줘,"SELECT title, link, description FROM POSCO홀딩스 WHERE MONTH(pubdate) = 4 AND DAY(pubdate) = 13"
셀트리온헬스케어의 20일 전 뉴스 제목을 알려줘,"SELECT title, description FROM 셀트리온헬스케어 WHERE pubdate = NOW() - INTERVAL 20 DAY"
펄어비스의 최신 뉴스 10개를 요약해줘,"SELECT title, description FROM 펄어비스 ORDER BY pubdate DESC LIMIT 10"
카카오의 최신 뉴스 19개를 요약해줘,"SELECT title, description FROM 카카오 ORDER BY pubdate DESC LIMIT 19"
삼성바이오로직스의 최신 뉴스 12개를 요약해줘,"SELECT title, description FROM 삼성바이오로직스 ORDER BY pubdate DESC LIMIT 12"
HLB의 최근 소식을 알려줘,"SELECT title, link, description, pubdate FROM HLB ORDER BY pubdate DESC LIMIT 1"
셀트리온제약의 3월 27일에 대한 뉴스 내용을 보여줘,"SELECT title, link, description FROM 셀트리온제약 WHERE MONTH(pubdate) = 3 AND DAY(pubdate) = 27"
포스코DX의 최근 3일 간의 뉴스를 요약해줘,"SELECT title, link ,description FROM 포스코DX ORDER BY pubdate DESC LIMIT 3"
에코프로비엠의 최신 소식을 알려줘,"SELECT title, link, description, pubdate FROM 에코프로비엠 ORDER BY pubdate DESC LIMIT 1"
에코프로의 9일 전 뉴스 제목을 알려줘,"SELECT title, description FROM 에코프로 WHERE pubdate = NOW() - INTERVAL 9 DAY"
셀트리온헬스케어의 지난 11일 동안의 뉴스를 요약해줘,"SELECT title, link ,description FROM 셀트리온헬스케어 ORDER BY pubdate DESC LIMIT 11"
에코프로의 10월 14일자 뉴스를 알려줘,"SELECT title, link, description FROM 에코프로 WHERE MONTH(pubdate) = 10 AND DAY(pubdate) = 14"
에코프로 관련 최근 뉴스를 알려줘,"SELECT title, link, description, pubdate FROM 에코프로 ORDER BY pubdate DESC LIMIT 1"
JYP에 대한 7월 2일의 뉴스 제목을 알려줘,"SELECT title, link, description FROM JYP WHERE MONTH(pubdate) = 7 AND DAY(pubdate) = 2"
에코프로의 최신 소식을 알려줘,"SELECT title, link, description, pubdate FROM 에코프로 ORDER BY pubdate DESC LIMIT 1"
포스코퓨처엠의 최신 뉴스 링크를 보여줘,"SELECT title, link, description, pubdate FROM 포스코퓨처엠 ORDER BY pubdate DESC LIMIT 1"
카카오 관련 최근 뉴스를 알려줘,"SELECT title, link, description, pubdate FROM 카카오 ORDER BY pubdate DESC LIMIT 1"
HLB의 최근 10일 간의 뉴스를 요약해줘,"SELECT title, link ,description FROM HLB ORDER BY pubdate DESC LIMIT 10"
삼성SDI의 지난 24일 간의 뉴스를 요약해줘,"SELECT title, link ,description FROM 삼성SDI ORDER BY pubdate DESC LIMIT 24"
네이버에 대한 1월 11일의 뉴스 제목을 알려줘,"SELECT title, link, description FROM 네이버 WHERE MONTH(pubdate) = 1 AND DAY(pubdate) = 11"
JYP에서 7월 18일에 발표한 뉴스가 뭐야?,"SELECT title, link, description FROM JYP WHERE MONTH(pubdate) = 7 AND DAY(pubdate) = 18"
삼성SDI에서 9월 13일에 발표한 뉴스가 뭐야?,"SELECT title, link, description FROM 삼성SDI WHERE MONTH(pubdate) = 9 AND DAY(pubdate) = 13"
애플 2월 14일의 뉴스 링크를 알려줘,"SELECT title, link, description FROM 애플 WHERE MONTH(pubdate) = 2 AND DAY(pubdate) = 14"
삼성전자우에서 7월 28일에 발표한 뉴스가 뭐야?,"SELECT title, link, description FROM 삼성전자우 WHERE MONTH(pubdate) = 7 AND DAY(pubdate) = 28"
LG에너지솔루션의 2월 14일에 대한 뉴스 내용을 보여줘,"SELECT title, link, description FROM LG에너지솔루션 WHERE MONTH(pubdate) = 2 AND DAY(pubdate) = 14"
에코프로비엠에서 11월 7일에 발표한 뉴스가 뭐야?,"SELECT title, link, description FROM 에코프로비엠 WHERE MONTH(pubdate) = 11 AND DAY(pubdate) = 7"
JYP 관련 최근 뉴스를 알려줘,"SELECT title, link, description, pubdate FROM JYP ORDER BY pubdate DESC LIMIT 1"
포스코DX의 6일 전 뉴스 제목을 알려줘,"SELECT title, description FROM 포스코DX WHERE pubdate = NOW() - INTERVAL 6 DAY"
셀트리온제약의 지난 29일 동안의 뉴스를 요약해줘,"SELECT title, link ,description FROM 셀트리온제약 ORDER BY pubdate DESC LIMIT 29"
네이버 12월 17일의 뉴스 링크를 알려줘,"SELECT title, link, description FROM 네이버 WHERE MONTH(pubdate) = 12 AND DAY(pubdate) = 17"
카카오의 3일 전 뉴스 제목을 알려줘,"SELECT title, description FROM 카카오 WHERE pubdate = NOW() - INTERVAL 3 DAY"
포스코퓨처엠의 지난 9일 간의 뉴스를 요약해줘,"SELECT title, link ,description FROM 포스코퓨처엠 ORDER BY pubdate DESC LIMIT 9"
카카오에서 3월 14일에 발표한 뉴스가 뭐야?,"SELECT title, link, description FROM 카카오 WHERE MONTH(pubdate) = 3 AND DAY(pubdate) = 14"
현대차의 최신 뉴스 링크를 보여줘,"SELECT title, link, description, pubdate FROM 현대차 ORDER BY pubdate DESC LIMIT 1"
삼성전자우에서 8월 24일에 발표한 뉴스가 뭐야?,"SELECT title, link, description FROM 삼성전자우 WHERE MONTH(pubdate) = 8 AND DAY(pubdate) = 24"
펄어비스에서 1월 25일에 발표한 뉴스가 뭐야?,"SELECT title, link, description FROM 펄어비스 WHERE MONTH(pubdate) = 1 AND DAY(pubdate) = 25"
셀트리온헬스케어 뉴스의 최근 제목 3개를 알려줘,"SELECT title, description FROM 셀트리온헬스케어 ORDER BY pubdate DESC LIMIT 3"
애플의 지난 27일 동안의 뉴스를 요약해줘,"SELECT title, link ,description FROM 애플 ORDER BY pubdate DESC LIMIT 27"
애플의 최신 소식을 알려줘,"SELECT title, link, description, pubdate FROM 애플 ORDER BY pubdate DESC LIMIT 1"
에코프로비엠에 대한 4월 15일의 뉴스 제목을 알려줘,"SELECT title, link, description FROM 에코프로비엠 WHERE MONTH(pubdate) = 4 AND DAY(pubdate) = 15"
엘앤에프의 지난 5일 동안의 뉴스를 요약해줘,"SELECT title, link ,description FROM 엘앤에프 ORDER BY pubdate DESC LIMIT 5"
SK하이닉스의 4일 전 뉴스 제목을 알려줘,"SELECT title, description FROM SK하이닉스 WHERE pubdate = NOW() - INTERVAL 4 DAY"
셀트리온제약의 최신 뉴스 15개를 요약해줘,"SELECT title, description FROM 셀트리온제약 ORDER BY pubdate DESC LIMIT 15"
삼성바이오로직스에서 10월 23일에 발표한 뉴스가 뭐야?,"SELECT title, link, description FROM 삼성바이오로직스 WHERE MONTH(pubdate) = 10 AND DAY(pubdate) = 23"
에코프로비엠에 대한 12월 18일의 뉴스 제목을 알려줘,"SELECT title, link, description FROM 에코프로비엠 WHERE MONTH(pubdate) = 12 AND DAY(pubdate) = 18"
HLB의 최신 소식을 알려줘,"SELECT title, link, description, pubdate FROM HLB ORDER BY pubdate DESC LIMIT 1"
셀트리온헬스케어의 2월 8일에 대한 뉴스 내용을 보여줘,"SELECT title, link, description FROM 셀트리온헬스케어 WHERE MONTH(pubdate) = 2 AND DAY(pubdate) = 8"
삼성SDI 뉴스의 최근 제목 7개를 알려줘,"SELECT title, description FROM 삼성SDI ORDER BY pubdate DESC LIMIT 7"
애플의 최근 2일 간의 뉴스를 요약해줘,"SELECT title, link ,description FROM 애플 ORDER BY pubdate DESC LIMIT 2"
카카오의 최신 소식을 알려줘,"SELECT title, link, description, pubdate FROM 카카오 ORDER BY pubdate DESC LIMIT 1"
포스코DX의 최신 소식을 알려줘,"SELECT title, link, description, pubdate FROM 포스코DX ORDER BY pubdate DESC LIMIT 1"
포스코DX의 최근 8일 간의 뉴스를 요약해줘,"SELECT title, link ,description FROM 포스코DX ORDER BY pubdate DESC LIMIT 8"
셀트리온헬스케어 관련 최근 뉴스를 알려줘,"SELECT title, link, description, pubdate FROM 셀트리온헬스케어 ORDER BY pubdate DESC LIMIT 1"
셀트리온헬스케어 뉴스의 최근 제목 9개를 알려줘,"SELECT title, description FROM 셀트리온헬스케어 ORDER BY pubdate DESC LIMIT 9"
삼성전자에서 4월 15일에 발표한 뉴스가 뭐야?,"SELECT title, link, description FROM 삼성전자 WHERE MONTH(pubdate) = 4 AND DAY(pubdate) = 15"
JYP의 지난 26일 간의 뉴스를 요약해줘,"SELECT title, link ,description FROM JYP ORDER BY pubdate DESC LIMIT 26"
삼성전자의 2월 26일에 대한 뉴스 내용을 보여줘,"SELECT title, link, description FROM 삼성전자 WHERE MONTH(pubdate) = 2 AND DAY(pubdate) = 26"
셀트리온제약에 대한 12월 26일의 뉴스 제목을 알려줘,"SELECT title, link, description FROM 셀트리온제약 WHERE MONTH(pubdate) = 12 AND DAY(pubdate) = 26"
에코프로의 최신 뉴스 30개를 요약해줘,"SELECT title, description FROM 에코프로 ORDER BY pubdate DESC LIMIT 30"
LG에너지솔루션에서 12월 17일에 발표한 뉴스가 뭐야?,"SELECT title, link, description FROM LG에너지솔루션 WHERE MONTH(pubdate) = 12 AND DAY(pubdate) = 17"
삼성SDI의 3일 전 뉴스 제목을 알려줘,"SELECT title, description FROM 삼성SDI WHERE pubdate = NOW() - INTERVAL 3 DAY"
에코프로의 지난 12일 동안의 뉴스를 요약해줘,"SELECT title, link ,description FROM 에코프로 ORDER BY pubdate DESC LIMIT 12"
삼성SDI의 7일 전 뉴스 제목을 알려줘,"SELECT title, description FROM 삼성SDI WHERE pubdate = NOW() - INTERVAL 7 DAY"
삼성전자 뉴스의 최근 제목 21개를 알려줘,"SELECT title, description FROM 삼성전자 ORDER BY pubdate DESC LIMIT 21"
엘앤에프의 최근 10일 간의 뉴스를 요약해줘,"SELECT title, link ,description FROM 엘앤에프 ORDER BY pubdate DESC LIMIT 10"
POSCO홀딩스의 지난 11일 간의 뉴스를 요약해줘,"SELECT title, link ,description FROM POSCO홀딩스 ORDER BY pubdate DESC LIMIT 11"
삼성바이오로직스에서 7월 28일에 발표한 뉴스가 뭐야?,"SELECT title, link, description FROM 삼성바이오로직스 WHERE MONTH(pubdate) = 7 AND DAY(pubdate) = 28"
네이버의 11월 28일에 대한 뉴스 내용을 보여줘,"SELECT title, link, description FROM 네이버 WHERE MONTH(pubdate) = 11 AND DAY(pubdate) = 28"
삼성SDI에서 10월 8일에 발표한 뉴스가 뭐야?,"SELECT title, link, description FROM 삼성SDI WHERE MONTH(pubdate) = 10 AND DAY(pubdate) = 8"
에코프로비엠에 대한 2월 3일의 뉴스 제목을 알려줘,"SELECT title, link, description FROM 에코프로비엠 WHERE MONTH(pubdate) = 2 AND DAY(pubdate) = 3"
셀트리온헬스케어 관련 최근 뉴스를 알려줘,"SELECT title, link, description, pubdate FROM 셀트리온헬스케어 ORDER BY pubdate DESC LIMIT 1"
펄어비스의 최신 뉴스 링크를 보여줘,"SELECT title, link, description, pubdate FROM 펄어비스 ORDER BY pubdate DESC LIMIT 1"
에코프로의 23일 전 뉴스 제목을 알려줘,"SELECT title, description FROM 에코프로 WHERE pubdate = NOW() - INTERVAL 23 DAY"
HLB에 대한 3월 26일의 뉴스 제목을 알려줘,"SELECT title, link, description FROM HLB WHERE MONTH(pubdate) = 3 AND DAY(pubdate) = 26"
애플 뉴스의 최근 제목 10개를 알려줘,"SELECT title, description FROM 애플 ORDER BY pubdate DESC LIMIT 10"
포스코퓨처엠 관련 최근 뉴스를 알려줘,"SELECT title, link, description, pubdate FROM 포스코퓨처엠 ORDER BY pubdate DESC LIMIT 1"
네이버의 최근 소식을 알려줘,"SELECT title, link, description, pubdate FROM 네이버 ORDER BY pubdate DESC LIMIT 1"
삼성전자에서 1월 20일에 발표한 뉴스가 뭐야?,"SELECT title, link, description FROM 삼성전자 WHERE MONTH(pubdate) = 1 AND DAY(pubdate) = 20"
네이버에서 10월 16일에 발표한 뉴스가 뭐야?,"SELECT title, link, description FROM 네이버 WHERE MONTH(pubdate) = 10 AND DAY(pubdate) = 16"
삼성SDI에 대한 1월 22일의 뉴스 제목을 알려줘,"SELECT title, link, description FROM 삼성SDI WHERE MONTH(pubdate) = 1 AND DAY(pubdate) = 22"
JYP에서 4월 14일에 발표한 뉴스가 뭐야?,"SELECT title, link, description FROM JYP WHERE MONTH(pubdate) = 4 AND DAY(pubdate) = 14"
삼성바이오로직스 뉴스의 최근 제목 20개를 알려줘,"SELECT title, description FROM 삼성바이오로직스 ORDER BY pubdate DESC LIMIT 20"
에코프로 4월 23일의 뉴스 링크를 알려줘,"SELECT title, link, description FROM 에코프로 WHERE MONTH(pubdate) = 4 AND DAY(pubdate) = 23"
네이버에서 9월 24일에 발표한 뉴스가 뭐야?,"SELECT title, link, description FROM 네이버 WHERE MONTH(pubdate) = 9 AND DAY(pubdate) = 24"
삼성SDI 뉴스의 최근 제목 17개를 알려줘,"SELECT title, description FROM 삼성SDI ORDER BY pubdate DESC LIMIT 17"
HLB 뉴스의 최근 제목 25개를 알려줘,"SELECT title, description FROM HLB ORDER BY pubdate DESC LIMIT 25"
삼성SDI 뉴스의 최근 제목 7개를 알려줘,"SELECT title, description FROM 삼성SDI ORDER BY pubdate DESC LIMIT 7"
포스코퓨처엠에 대한 9월 5일의 뉴스 제목을 알려줘,"SELECT title, link, description FROM 포스코퓨처엠 WHERE MONTH(pubdate) = 9 AND DAY(pubdate) = 5"
네이버의 최근 소식을 알려줘,"SELECT title, link, description, pubdate FROM 네이버 ORDER BY pubdate DESC LIMIT 1"
카카오의 2월 17일자 뉴스를 알려줘,"SELECT title, link, description FROM 카카오 WHERE MONTH(pubdate) = 2 AND DAY(pubdate) = 17"
네이버에서 5월 24일에 발표한 뉴스가 뭐야?,"SELECT title, link, description FROM 네이버 WHERE MONTH(pubdate) = 5 AND DAY(pubdate) = 24"
셀트리온헬스케어의 최신 소식을 알려줘,"SELECT title, link, description, pubdate FROM 셀트리온헬스케어 ORDER BY pubdate DESC LIMIT 1"
포스코퓨처엠의 최근 소식을 알려줘,"SELECT title, link, description, pubdate FROM 포스코퓨처엠 ORDER BY pubdate DESC LIMIT 1"
SK하이닉스의 5월 9일자 뉴스를 알려줘,"SELECT title, link, description FROM SK하이닉스 WHERE MONTH(pubdate) = 5 AND DAY(pubdate) = 9"
포스코DX의 최신 뉴스 링크를 보여줘,"SELECT title, link, description, pubdate FROM 포스코DX ORDER BY pubdate DESC LIMIT 1"
에코프로의 지난 8일 간의 뉴스를 요약해줘,"SELECT title, link ,description FROM 에코프로 ORDER BY pubdate DESC LIMIT 8"
삼성SDI의 최신 뉴스 링크를 보여줘,"SELECT title, link, description, pubdate FROM 삼성SDI ORDER BY pubdate DESC LIMIT 1"
네이버의 최신 소식을 알려줘,"SELECT title, link, description, pubdate FROM 네이버 ORDER BY pubdate DESC LIMIT 1"
삼성SDI에서 3월 16일에 발표한 뉴스가 뭐야?,"SELECT title, link, description FROM 삼성SDI WHERE MONTH(pubdate) = 3 AND DAY(pubdate) = 16"
삼성바이오로직스에서 12월 25일에 발표한 뉴스가 뭐야?,"SELECT title, link, description FROM 삼성바이오로직스 WHERE MONTH(pubdate) = 12 AND DAY(pubdate) = 25"
펄어비스의 지난 13일 간의 뉴스를 요약해줘,"SELECT title, link ,description FROM 펄어비스 ORDER BY pubdate DESC LIMIT 13"
에코프로비엠의 최근 소식을 알려줘,"SELECT title, link, description, pubdate FROM 에코프로비엠 ORDER BY pubdate DESC LIMIT 1"
JYP의 최근 11일 간의 뉴스를 요약해줘,"SELECT title, link ,description FROM JYP ORDER BY pubdate DESC LIMIT 11"
삼성전자우의 지난 17일 간의 뉴스를 요약해줘,"SELECT title, link ,description FROM 삼성전자우 ORDER BY pubdate DESC LIMIT 17"
POSCO홀딩스에서 5월 28일에 발표한 뉴스가 뭐야?,"SELECT title, link, description FROM POSCO홀딩스 WHERE MONTH(pubdate) = 5 AND DAY(pubdate) = 28"
포스코퓨처엠의 10일 전 뉴스 제목을 알려줘,"SELECT title, description FROM 포스코퓨처엠 WHERE pubdate = NOW() - INTERVAL 10 DAY"
POSCO홀딩스의 24일 전 뉴스 제목을 알려줘,"SELECT title, description FROM POSCO홀딩스 WHERE pubdate = NOW() - INTERVAL 24 DAY"
현대차의 15일 전 뉴스 제목을 알려줘,"SELECT title, description FROM 현대차 WHERE pubdate = NOW() - INTERVAL 15 DAY"
카카오 관련 최근 뉴스를 알려줘,"SELECT title, link, description, pubdate FROM 카카오 ORDER BY pubdate DESC LIMIT 1"
에코프로에 대한 2월 13일의 뉴스 제목을 알려줘,"SELECT title, link, description FROM 에코프로 WHERE MONTH(pubdate) = 2 AND DAY(pubdate) = 13"
에코프로비엠의 10월 9일에 대한 뉴스 내용을 보여줘,"SELECT title, link, description FROM 에코프로비엠 WHERE MONTH(pubdate) = 10 AND DAY(pubdate) = 9"
셀트리온제약 관련 최근 뉴스를 알려줘,"SELECT title, link, description, pubdate FROM 셀트리온제약 ORDER BY pubdate DESC LIMIT 1"
HLB의 최신 뉴스 21개를 요약해줘,"SELECT title, description FROM HLB ORDER BY pubdate DESC LIMIT 21"
포스코DX 관련 최근 뉴스를 알려줘,"SELECT title, link, description, pubdate FROM 포스코DX ORDER BY pubdate DESC LIMIT 1"
에코프로비엠 11월 21일의 뉴스 링크를 알려줘,"SELECT title, link, description FROM 에코프로비엠 WHERE MONTH(pubdate) = 11 AND DAY(pubdate) = 21"
셀트리온제약의 최근 20일 간의 뉴스를 요약해줘,"SELECT title, link ,description FROM 셀트리온제약 ORDER BY pubdate DESC LIMIT 20"
셀트리온헬스케어 1월 23일의 뉴스 링크를 알려줘,"SELECT title, link, description FROM 셀트리온헬스케어 WHERE MONTH(pubdate) = 1 AND DAY(pubdate) = 23"
삼성전자우 5월 20일의 뉴스 링크를 알려줘,"SELECT title, link, description FROM 삼성전자우 WHERE MONTH(pubdate) = 5 AND DAY(pubdate) = 20"
에코프로의 12월 14일자 뉴스를 알려줘,"SELECT title, link, description FROM 에코프로 WHERE MONTH(pubdate) = 12 AND DAY(pubdate) = 14"
삼성SDI의 최근 1일 간의 뉴스를 요약해줘,"SELECT title, link ,description FROM 삼성SDI ORDER BY pubdate DESC LIMIT 1"
삼성전자의 최신 소식을 알려줘,"SELECT title, link, description, pubdate FROM 삼성전자 ORDER BY pubdate DESC LIMIT 1"
SK하이닉스에서 3월 27일에 발표한 뉴스가 뭐야?,"SELECT title, link, description FROM SK하이닉스 WHERE MONTH(pubdate) = 3 AND DAY(pubdate) = 27"
LG에너지솔루션의 최근 28일 간의 뉴스를 요약해줘,"SELECT title, link ,description FROM LG에너지솔루션 ORDER BY pubdate DESC LIMIT 28"
카카오의 6월 27일에 대한 뉴스 내용을 보여줘,"SELECT title, link, description FROM 카카오 WHERE MONTH(pubdate) = 6 AND DAY(pubdate) = 27"
POSCO홀딩스의 최신 소식을 알려줘,"SELECT title, link, description, pubdate FROM POSCO홀딩스 ORDER BY pubdate DESC LIMIT 1"
네이버에서 1월 4일에 발표한 뉴스가 뭐야?,"SELECT title, link, description FROM 네이버 WHERE MONTH(pubdate) = 1 AND DAY(pubdate) = 4"
엘앤에프에서 7월 8일에 발표한 뉴스가 뭐야?,"SELECT title, link, description FROM 엘앤에프 WHERE MONTH(pubdate) = 7 AND DAY(pubdate) = 8"
삼성SDI의 최신 소식을 알려줘,"SELECT title, link, description, pubdate FROM 삼성SDI ORDER BY pubdate DESC LIMIT 1"
셀트리온헬스케어의 최신 뉴스 링크를 보여줘,"SELECT title, link, description, pubdate FROM 셀트리온헬스케어 ORDER BY pubdate DESC LIMIT 1"
삼성전자의 최신 소식을 알려줘,"SELECT title, link, description, pubdate FROM 삼성전자 ORDER BY pubdate DESC LIMIT 1"
JYP의 28일 전 뉴스 제목을 알려줘,"SELECT title, description FROM JYP WHERE pubdate = NOW() - INTERVAL 28 DAY"
삼성SDI의 최신 뉴스 5개를 요약해줘,"SELECT title, description FROM 삼성SDI ORDER BY pubdate DESC LIMIT 5"
애플의 최신 소식을 알려줘,"SELECT title, link, description, pubdate FROM 애플 ORDER BY pubdate DESC LIMIT 1"
셀트리온헬스케어의 최신 소식을 알려줘,"SELECT title, link, description, pubdate FROM 셀트리온헬스케어 ORDER BY pubdate DESC LIMIT 1"
카카오의 최신 뉴스 29개를 요약해줘,"SELECT title, description FROM 카카오 ORDER BY pubdate DESC LIMIT 29"
네이버에서 2월 23일에 발표한 뉴스가 뭐야?,"SELECT title, link, description FROM 네이버 WHERE MONTH(pubdate) = 2 AND DAY(pubdate) = 23"
에코프로비엠의 최신 소식을 알려줘,"SELECT title, link, description, pubdate FROM 에코프로비엠 ORDER BY pubdate DESC LIMIT 1"
포스코DX에서 4월 14일에 발표한 뉴스가 뭐야?,"SELECT title, link, description FROM 포스코DX WHERE MONTH(pubdate) = 4 AND DAY(pubdate) = 14"
SK하이닉스의 최근 16일 간의 뉴스를 요약해줘,"SELECT title, link ,description FROM SK하이닉스 ORDER BY pubdate DESC LIMIT 16"
POSCO홀딩스의 지난 21일 간의 뉴스를 요약해줘,"SELECT title, link ,description FROM POSCO홀딩스 ORDER BY pubdate DESC LIMIT 21"
LG에너지솔루션의 2일 전 뉴스 제목을 알려줘,"SELECT title, description FROM LG에너지솔루션 WHERE pubdate = NOW() - INTERVAL 2 DAY"
SK하이닉스에서 11월 23일에 발표한 뉴스가 뭐야?,"SELECT title, link, description FROM SK하이닉스 WHERE MONTH(pubdate) = 11 AND DAY(pubdate) = 23"
삼성바이오로직스의 지난 8일 간의 뉴스를 요약해줘,"SELECT title, link ,description FROM 삼성바이오로직스 ORDER BY pubdate DESC LIMIT 8"
포스코DX의 최근 9일 간의 뉴스를 요약해줘,"SELECT title, link ,description FROM 포스코DX ORDER BY pubdate DESC LIMIT 9"
펄어비스의 19일 전 뉴스 제목을 알려줘,"SELECT title, description FROM 펄어비스 WHERE pubdate = NOW() - INTERVAL 19 DAY"
삼성SDI의 9월 1일자 뉴스를 알려줘,"SELECT title, link, description FROM 삼성SDI WHERE MONTH(pubdate) = 9 AND DAY(pubdate) = 1"
카카오의 4일 전 뉴스 제목을 알려줘,"SELECT title, description FROM 카카오 WHERE pubdate = NOW() - INTERVAL 4 DAY"
카카오의 5월 17일자 뉴스를 알려줘,"SELECT title, link, description FROM 카카오 WHERE MONTH(pubdate) = 5 AND DAY(pubdate) = 17"
셀트리온제약의 최신 뉴스 링크를 보여줘,"SELECT title, link, description, pubdate FROM 셀트리온제약 ORDER BY pubdate DESC LIMIT 1"
펄어비스의 최근 소식을 알려줘,"SELECT title, link, description, pubdate FROM 펄어비스 ORDER BY pubdate DESC LIMIT 1"
셀트리온헬스케어의 25일 전 뉴스 제목을 알려줘,"SELECT title, description FROM 셀트리온헬스케어 WHERE pubdate = NOW() - INTERVAL 25 DAY"
카카오의 최신 뉴스 링크를 보여줘,"SELECT title, link, description, pubdate FROM 카카오 ORDER BY pubdate DESC LIMIT 1"
삼성SDI 4월 22일의 뉴스 링크를 알려줘,"SELECT title, link, description FROM 삼성SDI WHERE MONTH(pubdate) = 4 AND DAY(pubdate) = 22"
네이버의 지난 3일 간의 뉴스를 요약해줘,"SELECT title, link ,description FROM 네이버 ORDER BY pubdate DESC LIMIT 3"
삼성전자우의 최근 3일 간의 뉴스를 요약해줘,"SELECT title, link ,description FROM 삼성전자우 ORDER BY pubdate DESC LIMIT 3"
HLB의 최신 뉴스 링크를 보여줘,"SELECT title, link, description, pubdate FROM HLB ORDER BY pubdate DESC LIMIT 1"
HLB에 대한 11월 8일의 뉴스 제목을 알려줘,"SELECT title, link, description FROM HLB WHERE MONTH(pubdate) = 11 AND DAY(pubdate) = 8"
에코프로의 최신 소식을 알려줘,"SELECT title, link, description, pubdate FROM 에코프로 ORDER BY pubdate DESC LIMIT 1"
엘앤에프의 6일 전 뉴스 제목을 알려줘,"SELECT title, description FROM 엘앤에프 WHERE pubdate = NOW() - INTERVAL 6 DAY"
삼성바이오로직스 관련 최근 뉴스를 알려줘,"SELECT title, link, description, pubdate FROM 삼성바이오로직스 ORDER BY pubdate DESC LIMIT 1"
에코프로의 최신 소식을 알려줘,"SELECT title, link, description, pubdate FROM 에코프로 ORDER BY pubdate DESC LIMIT 1"
셀트리온제약에서 2월 1일에 발표한 뉴스가 뭐야?,"SELECT title, link, description FROM 셀트리온제약 WHERE MONTH(pubdate) = 2 AND DAY(pubdate) = 1"
JYP에서 7월 20일에 발표한 뉴스가 뭐야?,"SELECT title, link, description FROM JYP WHERE MONTH(pubdate) = 7 AND DAY(pubdate) = 20"
삼성SDI의 최근 26일 간의 뉴스를 요약해줘,"SELECT title, link ,description FROM 삼성SDI ORDER BY pubdate DESC LIMIT 26"
삼성전자우 뉴스의 최근 제목 19개를 알려줘,"SELECT title, description FROM 삼성전자우 ORDER BY pubdate DESC LIMIT 19"
POSCO홀딩스의 10월 11일자 뉴스를 알려줘,"SELECT title, link, description FROM POSCO홀딩스 WHERE MONTH(pubdate) = 10 AND DAY(pubdate) = 11"
HLB 3월 14일의 뉴스 링크를 알려줘,"SELECT title, link, description FROM HLB WHERE MONTH(pubdate) = 3 AND DAY(pubdate) = 14"
펄어비스의 8월 21일자 뉴스를 알려줘,"SELECT title, link, description FROM 펄어비스 WHERE MONTH(pubdate) = 8 AND DAY(pubdate) = 21"
애플 12월 12일의 뉴스 링크를 알려줘,"SELECT title, link, description FROM 애플 WHERE MONTH(pubdate) = 12 AND DAY(pubdate) = 12"
네이버의 10일 전 뉴스 제목을 알려줘,"SELECT title, description FROM 네이버 WHERE pubdate = NOW() - INTERVAL 10 DAY"
카카오에 대한 8월 15일의 뉴스 제목을 알려줘,"SELECT title, link, description FROM 카카오 WHERE MONTH(pubdate) = 8 AND DAY(pubdate) = 15"
현대차 뉴스의 최근 제목 25개를 알려줘,"SELECT title, description FROM 현대차 ORDER BY pubdate DESC LIMIT 25"
펄어비스에서 8월 14일에 발표한 뉴스가 뭐야?,"SELECT title, link, description FROM 펄어비스 WHERE MONTH(pubdate) = 8 AND DAY(pubdate) = 14"
POSCO홀딩스의 지난 17일 간의 뉴스를 요약해줘,"SELECT title, link ,description FROM POSCO홀딩스 ORDER BY pubdate DESC LIMIT 17"
삼성전자 뉴스의 최근 제목 2개를 알려줘,"SELECT title, description FROM 삼성전자 ORDER BY pubdate DESC LIMIT 2"
POSCO홀딩스의 최근 소식을 알려줘,"SELECT title, link, description, pubdate FROM POSCO홀딩스 ORDER BY pubdate DESC LIMIT 1"
카카오의 지난 7일 간의 뉴스를 요약해줘,"SELECT title, link ,description FROM 카카오 ORDER BY pubdate DESC LIMIT 7"
엘앤에프 1월 4일의 뉴스 링크를 알려줘,"SELECT title, link, description FROM 엘앤에프 WHERE MONTH(pubdate) = 1 AND DAY(pubdate) = 4"
펄어비스의 최신 뉴스 15개를 요약해줘,"SELECT title, description FROM 펄어비스 ORDER BY pubdate DESC LIMIT 15"
포스코DX의 최신 뉴스 13개를 요약해줘,"SELECT title, description FROM 포스코DX ORDER BY pubdate DESC LIMIT 13"
HLB의 최신 소식을 알려줘,"SELECT title, link, description, pubdate FROM HLB ORDER BY pubdate DESC LIMIT 1"
삼성전자의 지난 18일 동안의 뉴스를 요약해줘,"SELECT title, link ,description FROM 삼성전자 ORDER BY pubdate DESC LIMIT 18"
에코프로의 12일 전 뉴스 제목을 알려줘,"SELECT title, description FROM 에코프로 WHERE pubdate = NOW() - INTERVAL 12 DAY"
포스코DX의 지난 3일 동안의 뉴스를 요약해줘,"SELECT title, link ,description FROM 포스코DX ORDER BY pubdate DESC LIMIT 3"
JYP에 대한 6월 10일의 뉴스 제목을 알려줘,"SELECT title, link, description FROM JYP WHERE MONTH(pubdate) = 6 AND DAY(pubdate) = 10"
LG에너지솔루션의 최신 뉴스 링크를 보여줘,"SELECT title, link, description, pubdate FROM LG에너지솔루션 ORDER BY pubdate DESC LIMIT 1"
애플에 대한 7월 16일의 뉴스 제목을 알려줘,"SELECT title, link, description FROM 애플 WHERE MONTH(pubdate) = 7 AND DAY(pubdate) = 16"
애플의 23일 전 뉴스 제목을 알려줘,"SELECT title, description FROM 애플 WHERE pubdate = NOW() - INTERVAL 23 DAY"
삼성SDI 뉴스의 최근 제목 2개를 알려줘,"SELECT title, description FROM 삼성SDI ORDER BY pubdate DESC LIMIT 2"
삼성SDI에 대한 1월 7일의 뉴스 제목을 알려줘,"SELECT title, link, description FROM 삼성SDI WHERE MONTH(pubdate) = 1 AND DAY(pubdate) = 7"
펄어비스에서 5월 11일에 발표한 뉴스가 뭐야?,"SELECT title, link, description FROM 펄어비스 WHERE MONTH(pubdate) = 5 AND DAY(pubdate) = 11"
네이버의 지난 30일 간의 뉴스를 요약해줘,"SELECT title, link ,description FROM 네이버 ORDER BY pubdate DESC LIMIT 30"
삼성전자의 최근 3일 간의 뉴스를 요약해줘,"SELECT title, link ,description FROM 삼성전자 ORDER BY pubdate DESC LIMIT 3"
셀트리온제약의 12월 4일자 뉴스를 알려줘,"SELECT title, link, description FROM 셀트리온제약 WHERE MONTH(pubdate) = 12 AND DAY(pubdate) = 4"
에코프로비엠에 대한 12월 3일의 뉴스 제목을 알려줘,"SELECT title, link, description FROM 에코프로비엠 WHERE MONTH(pubdate) = 12 AND DAY(pubdate) = 3"
삼성SDI의 최신 뉴스 26개를 요약해줘,"SELECT title, description FROM 삼성SDI ORDER BY pubdate DESC LIMIT 26"
셀트리온헬스케어 9월 6일의 뉴스 링크를 알려줘,"SELECT title, link, description FROM 셀트리온헬스케어 WHERE MONTH(pubdate) = 9 AND DAY(pubdate) = 6"
네이버 뉴스의 최근 제목 10개를 알려줘,"SELECT title, description FROM 네이버 ORDER BY pubdate DESC LIMIT 10"
펄어비스에 대한 9월 13일의 뉴스 제목을 알려줘,"SELECT title, link, description FROM 펄어비스 WHERE MONTH(pubdate) = 9 AND DAY(pubdate) = 13"
네이버의 지난 9일 동안의 뉴스를 요약해줘,"SELECT title, link ,description FROM 네이버 ORDER BY pubdate DESC LIMIT 9"
삼성SDI에 대한 3월 17일의 뉴스 제목을 알려줘,"SELECT title, link, description FROM 삼성SDI WHERE MONTH(pubdate) = 3 AND DAY(pubdate) = 17"
POSCO홀딩스의 8일 전 뉴스 제목을 알려줘,"SELECT title, description FROM POSCO홀딩스 WHERE pubdate = NOW() - INTERVAL 8 DAY"
네이버의 최근 10일 간의 뉴스를 요약해줘,"SELECT title, link ,description FROM 네이버 ORDER BY pubdate DESC LIMIT 10"
카카오 2월 5일의 뉴스 링크를 알려줘,"SELECT title, link, description FROM 카카오 WHERE MONTH(pubdate) = 2 AND DAY(pubdate) = 5"
포스코DX 관련 최근 뉴스를 알려줘,"SELECT title, link, description, pubdate FROM 포스코DX ORDER BY pubdate DESC LIMIT 1"
에코프로비엠의 최신 뉴스 링크를 보여줘,"SELECT title, link, description, pubdate FROM 에코프로비엠 ORDER BY pubdate DESC LIMIT 1"
JYP 관련 최근 뉴스를 알려줘,"SELECT title, link, description, pubdate FROM JYP ORDER BY pubdate DESC LIMIT 1"
포스코DX의 최근 소식을 알려줘,"SELECT title, link, description, pubdate FROM 포스코DX ORDER BY pubdate DESC LIMIT 1"
POSCO홀딩스의 3일 전 뉴스 제목을 알려줘,"SELECT title, description FROM POSCO홀딩스 WHERE pubdate = NOW() - INTERVAL 3 DAY"
SK하이닉스 4월 8일의 뉴스 링크를 알려줘,"SELECT title, link, description FROM SK하이닉스 WHERE MONTH(pubdate) = 4 AND DAY(pubdate) = 8"
셀트리온헬스케어에 대한 10월 14일의 뉴스 제목을 알려줘,"SELECT title, link, description FROM 셀트리온헬스케어 WHERE MONTH(pubdate) = 10 AND DAY(pubdate) = 14"
셀트리온헬스케어의 최근 13일 간의 뉴스를 요약해줘,"SELECT title, link ,description FROM 셀트리온헬스케어 ORDER BY pubdate DESC LIMIT 13"
HLB의 지난 2일 간의 뉴스를 요약해줘,"SELECT title, link ,description FROM HLB ORDER BY pubdate DESC LIMIT 2"
LG에너지솔루션에 대한 11월 19일의 뉴스 제목을 알려줘,"SELECT title, link, description FROM LG에너지솔루션 WHERE MONTH(pubdate) = 11 AND DAY(pubdate) = 19"
삼성전자의 최신 뉴스 8개를 요약해줘,"SELECT title, description FROM 삼성전자 ORDER BY pubdate DESC LIMIT 8"
네이버의 최신 소식을 알려줘,"SELECT title, link, description, pubdate FROM 네이버 ORDER BY pubdate DESC LIMIT 1"
에코프로의 27일 전 뉴스 제목을 알려줘,"SELECT title, description FROM 에코프로 WHERE pubdate = NOW() - INTERVAL 27 DAY"
셀트리온제약의 7월 22일자 뉴스를 알려줘,"SELECT title, link, description FROM 셀트리온제약 WHERE MONTH(pubdate) = 7 AND DAY(pubdate) = 22"
SK하이닉스의 최근 소식을 알려줘,"SELECT title, link, description, pubdate FROM SK하이닉스 ORDER BY pubdate DESC LIMIT 1"
에코프로비엠의 최신 소식을 알려줘,"SELECT title, link, description, pubdate FROM 에코프로비엠 ORDER BY pubdate DESC LIMIT 1"
에코프로의 11월 5일에 대한 뉴스 내용을 보여줘,"SELECT title, link, description FROM 에코프로 WHERE MONTH(pubdate) = 11 AND DAY(pubdate) = 5"
현대차의 최신 뉴스 링크를 보여줘,"SELECT title, link, description, pubdate FROM 현대차 ORDER BY pubdate DESC LIMIT 1"
엘앤에프의 최신 뉴스 링크를 보여줘,"SELECT title, link, description, pubdate FROM 엘앤에프 ORDER BY pubdate DESC LIMIT 1"
펄어비스의 최근 13일 간의 뉴스를 요약해줘,"SELECT title, link ,description FROM 펄어비스 ORDER BY pubdate DESC LIMIT 13"
에코프로의 지난 2일 간의 뉴스를 요약해줘,"SELECT title, link ,description FROM 에코프로 ORDER BY pubdate DESC LIMIT 2"
LG에너지솔루션의 최신 소식을 알려줘,"SELECT title, link, description, pubdate FROM LG에너지솔루션 ORDER BY pubdate DESC LIMIT 1"
에코프로비엠의 8일 전 뉴스 제목을 알려줘,"SELECT title, description FROM 에코프로비엠 WHERE pubdate = NOW() - INTERVAL 8 DAY"
HLB에 대한 5월 7일의 뉴스 제목을 알려줘,"SELECT title, link, description FROM HLB WHERE MONTH(pubdate) = 5 AND DAY(pubdate) = 7"
에코프로비엠의 24일 전 뉴스 제목을 알려줘,"SELECT title, description FROM 에코프로비엠 WHERE pubdate = NOW() - INTERVAL 24 DAY"
삼성바이오로직스에서 9월 13일에 발표한 뉴스가 뭐야?,"SELECT title, link, description FROM 삼성바이오로직스 WHERE MONTH(pubdate) = 9 AND DAY(pubdate) = 13"
삼성SDI에 대한 9월 23일의 뉴스 제목을 알려줘,"SELECT title, link, description FROM 삼성SDI WHERE MONTH(pubdate) = 9 AND DAY(pubdate) = 23"
SK하이닉스의 지난 19일 동안의 뉴스를 요약해줘,"SELECT title, link ,description FROM SK하이닉스 ORDER BY pubdate DESC LIMIT 19"
SK하이닉스에서 5월 24일에 발표한 뉴스가 뭐야?,"SELECT title, link, description FROM SK하이닉스 WHERE MONTH(pubdate) = 5 AND DAY(pubdate) = 24"
셀트리온헬스케어의 최신 소식을 알려줘,"SELECT title, link, description, pubdate FROM 셀트리온헬스케어 ORDER BY pubdate DESC LIMIT 1"
셀트리온헬스케어에서 2월 10일에 발표한 뉴스가 뭐야?,"SELECT title, link, description FROM 셀트리온헬스케어 WHERE MONTH(pubdate) = 2 AND DAY(pubdate) = 10"
에코프로비엠 9월 5일의 뉴스 링크를 알려줘,"SELECT title, link, description FROM 에코프로비엠 WHERE MONTH(pubdate) = 9 AND DAY(pubdate) = 5"
셀트리온제약에서 8월 4일에 발표한 뉴스가 뭐야?,"SELECT title, link, description FROM 셀트리온제약 WHERE MONTH(pubdate) = 8 AND DAY(pubdate) = 4"
포스코DX의 지난 20일 동안의 뉴스를 요약해줘,"SELECT title, link ,description FROM 포스코DX ORDER BY pubdate DESC LIMIT 20"
삼성전자에 대한 7월 28일의 뉴스 제목을 알려줘,"SELECT title, link, description FROM 삼성전자 WHERE MONTH(pubdate) = 7 AND DAY(pubdate) = 28"
셀트리온헬스케어의 최신 뉴스 12개를 요약해줘,"SELECT title, description FROM 셀트리온헬스케어 ORDER BY pubdate DESC LIMIT 12"
에코프로비엠의 최신 뉴스 링크를 보여줘,"SELECT title, link, description, pubdate FROM 에코프로비엠 ORDER BY pubdate DESC LIMIT 1"
SK하이닉스의 최신 뉴스 링크를 보여줘,"SELECT title, link, description, pubdate FROM SK하이닉스 ORDER BY pubdate DESC LIMIT 1"
엘앤에프의 최신 소식을 알려줘,"SELECT title, link, description, pubdate FROM 엘앤에프 ORDER BY pubdate DESC LIMIT 1"
LG에너지솔루션의 3일 전 뉴스 제목을 알려줘,"SELECT title, description FROM LG에너지솔루션 WHERE pubdate = NOW() - INTERVAL 3 DAY"
삼성SDI에서 9월 19일에 발표한 뉴스가 뭐야?,"SELECT title, link, description FROM 삼성SDI WHERE MONTH(pubdate) = 9 AND DAY(pubdate) = 19"
엘앤에프의 최신 뉴스 링크를 보여줘,"SELECT title, link, description, pubdate FROM 엘앤에프 ORDER BY pubdate DESC LIMIT 1"
펄어비스의 최신 소식을 알려줘,"SELECT title, link, description, pubdate FROM 펄어비스 ORDER BY pubdate DESC LIMIT 1"
셀트리온헬스케어에 대한 2월 22일의 뉴스 제목을 알려줘,"SELECT title, link, description FROM 셀트리온헬스케어 WHERE MONTH(pubdate) = 2 AND DAY(pubdate) = 22"
HLB의 최신 소식을 알려줘,"SELECT title, link, description, pubdate FROM HLB ORDER BY pubdate DESC LIMIT 1"
HLB의 지난 17일 간의 뉴스를 요약해줘,"SELECT title, link ,description FROM HLB ORDER BY pubdate DESC LIMIT 17"
삼성바이오로직스에서 10월 24일에 발표한 뉴스가 뭐야?,"SELECT title, link, description FROM 삼성바이오로직스 WHERE MONTH(pubdate) = 10 AND DAY(pubdate) = 24"
삼성SDI에 대한 5월 18일의 뉴스 제목을 알려줘,"SELECT title, link, description FROM 삼성SDI WHERE MONTH(pubdate) = 5 AND DAY(pubdate) = 18"
셀트리온제약의 최근 27일 간의 뉴스를 요약해줘,"SELECT title, link ,description FROM 셀트리온제약 ORDER BY pubdate DESC LIMIT 27"
JYP의 지난 27일 간의 뉴스를 요약해줘,"SELECT title, link ,description FROM JYP ORDER BY pubdate DESC LIMIT 27"
삼성바이오로직스 5월 24일의 뉴스 링크를 알려줘,"SELECT title, link, description FROM 삼성바이오로직스 WHERE MONTH(pubdate) = 5 AND DAY(pubdate) = 24"
셀트리온제약 뉴스의 최근 제목 16개를 알려줘,"SELECT title, description FROM 셀트리온제약 ORDER BY pubdate DESC LIMIT 16"
현대차의 지난 4일 간의 뉴스를 요약해줘,"SELECT title, link ,description FROM 현대차 ORDER BY pubdate DESC LIMIT 4"
SK하이닉스의 지난 6일 동안의 뉴스를 요약해줘,"SELECT title, link ,description FROM SK하이닉스 ORDER BY pubdate DESC LIMIT 6"
에코프로비엠의 지난 3일 간의 뉴스를 요약해줘,"SELECT title, link ,description FROM 에코프로비엠 ORDER BY pubdate DESC LIMIT 3"
셀트리온헬스케어의 최근 2일 간의 뉴스를 요약해줘,"SELECT title, link ,description FROM 셀트리온헬스케어 ORDER BY pubdate DESC LIMIT 2"
네이버의 20일 전 뉴스 제목을 알려줘,"SELECT title, description FROM 네이버 WHERE pubdate = NOW() - INTERVAL 20 DAY"
HLB 7월 12일의 뉴스 링크를 알려줘,"SELECT title, link, description FROM HLB WHERE MONTH(pubdate) = 7 AND DAY(pubdate) = 12"
셀트리온제약의 최근 소식을 알려줘,"SELECT title, link, description, pubdate FROM 셀트리온제약 ORDER BY pubdate DESC LIMIT 1"
에코프로비엠의 지난 12일 동안의 뉴스를 요약해줘,"SELECT title, link ,description FROM 에코프로비엠 ORDER BY pubdate DESC LIMIT 12"
엘앤에프의 최신 소식을 알려줘,"SELECT title, link, description, pubdate FROM 엘앤에프 ORDER BY pubdate DESC LIMIT 1"
엘앤에프의 지난 17일 동안의 뉴스를 요약해줘,"SELECT title, link ,description FROM 엘앤에프 ORDER BY pubdate DESC LIMIT 17"
카카오의 지난 12일 간의 뉴스를 요약해줘,"SELECT title, link ,description FROM 카카오 ORDER BY pubdate DESC LIMIT 12"
애플에서 11월 20일에 발표한 뉴스가 뭐야?,"SELECT title, link, description FROM 애플 WHERE MONTH(pubdate) = 11 AND DAY(pubdate) = 20"
삼성전자우의 최신 뉴스 링크를 보여줘,"SELECT title, link, description, pubdate FROM 삼성전자우 ORDER BY pubdate DESC LIMIT 1"
카카오에서 10월 13일에 발표한 뉴스가 뭐야?,"SELECT title, link, description FROM 카카오 WHERE MONTH(pubdate) = 10 AND DAY(pubdate) = 13"
삼성SDI의 지난 17일 동안의 뉴스를 요약해줘,"SELECT title, link ,description FROM 삼성SDI ORDER BY pubdate DESC LIMIT 17"
LG에너지솔루션의 최신 소식을 알려줘,"SELECT title, link, description, pubdate FROM LG에너지솔루션 ORDER BY pubdate DESC LIMIT 1"
SK하이닉스 8월 16일의 뉴스 링크를 알려줘,"SELECT title, link, description FROM SK하이닉스 WHERE MONTH(pubdate) = 8 AND DAY(pubdate) = 16"
펄어비스에 대한 6월 15일의 뉴스 제목을 알려줘,"SELECT title, link, description FROM 펄어비스 WHERE MONTH(pubdate) = 6 AND DAY(pubdate) = 15"
삼성SDI의 최근 소식을 알려줘,"SELECT title, link, description, pubdate FROM 삼성SDI ORDER BY pubdate DESC LIMIT 1"
애플의 20일 전 뉴스 제목을 알려줘,"SELECT title, description FROM 애플 WHERE pubdate = NOW() - INTERVAL 20 DAY"
POSCO홀딩스의 6월 23일에 대한 뉴스 내용을 보여줘,"SELECT title, link, description FROM POSCO홀딩스 WHERE MONTH(pubdate) = 6 AND DAY(pubdate) = 23"
에코프로 뉴스의 최근 제목 10개를 알려줘,"SELECT title, description FROM 에코프로 ORDER BY pubdate DESC LIMIT 10"
셀트리온제약 뉴스의 최근 제목 16개를 알려줘,"SELECT title, description FROM 셀트리온제약 ORDER BY pubdate DESC LIMIT 16"
네이버의 최근 소식을 알려줘,"SELECT title, link, description, pubdate FROM 네이버 ORDER BY pubdate DESC LIMIT 1"
현대차의 지난 1일 동안의 뉴스를 요약해줘,"SELECT title, link ,description FROM 현대차 ORDER BY pubdate DESC LIMIT 1"
삼성바이오로직스의 9일 전 뉴스 제목을 알려줘,"SELECT title, description FROM 삼성바이오로직스 WHERE pubdate = NOW() - INTERVAL 9 DAY"
에코프로의 지난 18일 동안의 뉴스를 요약해줘,"SELECT title, link ,description FROM 에코프로 ORDER BY pubdate DESC LIMIT 18"
POSCO홀딩스의 최근 1일 간의 뉴스를 요약해줘,"SELECT title, link ,description FROM POSCO홀딩스 ORDER BY pubdate DESC LIMIT 1"
JYP 관련 최근 뉴스를 알려줘,"SELECT title, link, description, pubdate FROM JYP ORDER BY pubdate DESC LIMIT 1"
삼성전자우에서 9월 1일에 발표한 뉴스가 뭐야?,"SELECT title, link, description FROM 삼성전자우 WHERE MONTH(pubdate) = 9 AND DAY(pubdate) = 1"
HLB의 최근 14일 간의 뉴스를 요약해줘,"SELECT title, link ,description FROM HLB ORDER BY pubdate DESC LIMIT 14"
네이버의 최신 뉴스 11개를 요약해줘,"SELECT title, description FROM 네이버 ORDER BY pubdate DESC LIMIT 11"
네이버에서 8월 2일에 발표한 뉴스가 뭐야?,"SELECT title, link, description FROM 네이버 WHERE MONTH(pubdate) = 8 AND DAY(pubdate) = 2"
셀트리온헬스케어의 최근 11일 간의 뉴스를 요약해줘,"SELECT title, link ,description FROM 셀트리온헬스케어 ORDER BY pubdate DESC LIMIT 11"
SK하이닉스의 지난 19일 간의 뉴스를 요약해줘,"SELECT title, link ,description FROM SK하이닉스 ORDER BY pubdate DESC LIMIT 19"
에코프로의 최신 뉴스 14개를 요약해줘,"SELECT title, description FROM 에코프로 ORDER BY pubdate DESC LIMIT 14"
JYP의 11월 5일에 대한 뉴스 내용을 보여줘,"SELECT title, link, description FROM JYP WHERE MONTH(pubdate) = 11 AND DAY(pubdate) = 5"
포스코DX의 최신 소식을 알려줘,"SELECT title, link, description, pubdate FROM 포스코DX ORDER BY pubdate DESC LIMIT 1"
삼성바이오로직스 뉴스의 최근 제목 28개를 알려줘,"SELECT title, description FROM 삼성바이오로직스 ORDER BY pubdate DESC LIMIT 28"
펄어비스의 지난 28일 동안의 뉴스를 요약해줘,"SELECT title, link ,description FROM 펄어비스 ORDER BY pubdate DESC LIMIT 28"
SK하이닉스의 최신 뉴스 링크를 보여줘,"SELECT title, link, description, pubdate FROM SK하이닉스 ORDER BY pubdate DESC LIMIT 1"
카카오의 7월 17일자 뉴스를 알려줘,"SELECT title, link, description FROM 카카오 WHERE MONTH(pubdate) = 7 AND DAY(pubdate) = 17"
삼성바이오로직스 관련 최근 뉴스를 알려줘,"SELECT title, link, description, pubdate FROM 삼성바이오로직스 ORDER BY pubdate DESC LIMIT 1"
셀트리온헬스케어의 6일 전 뉴스 제목을 알려줘,"SELECT title, description FROM 셀트리온헬스케어 WHERE pubdate = NOW() - INTERVAL 6 DAY"
펄어비스의 최근 3일 간의 뉴스를 요약해줘,"SELECT title, link ,description FROM 펄어비스 ORDER BY pubdate DESC LIMIT 3"
POSCO홀딩스의 지난 2일 간의 뉴스를 요약해줘,"SELECT title, link ,description FROM POSCO홀딩스 ORDER BY pubdate DESC LIMIT 2"
셀트리온제약의 지난 25일 간의 뉴스를 요약해줘,"SELECT title, link ,description FROM 셀트리온제약 ORDER BY pubdate DESC LIMIT 25"
에코프로의 지난 5일 동안의 뉴스를 요약해줘,"SELECT title, link ,description FROM 에코프로 ORDER BY pubdate DESC LIMIT 5"
현대차 뉴스의 최근 제목 14개를 알려줘,"SELECT title, description FROM 현대차 ORDER BY pubdate DESC LIMIT 14"
엘앤에프 4월 14일의 뉴스 링크를 알려줘,"SELECT title, link, description FROM 엘앤에프 WHERE MONTH(pubdate) = 4 AND DAY(pubdate) = 14"
셀트리온헬스케어의 지난 2일 간의 뉴스를 요약해줘,"SELECT title, link ,description FROM 셀트리온헬스케어 ORDER BY pubdate DESC LIMIT 2"
엘앤에프의 최신 뉴스 16개를 요약해줘,"SELECT title, description FROM 엘앤에프 ORDER BY pubdate DESC LIMIT 16"
카카오의 최신 뉴스 4개를 요약해줘,"SELECT title, description FROM 카카오 ORDER BY pubdate DESC LIMIT 4"
셀트리온헬스케어의 최신 뉴스 링크를 보여줘,"SELECT title, link, description, pubdate FROM 셀트리온헬스케어 ORDER BY pubdate DESC LIMIT 1"
에코프로비엠의 최신 뉴스 6개를 요약해줘,"SELECT title, description FROM 에코프로비엠 ORDER BY pubdate DESC LIMIT 6"
SK하이닉스에서 3월 28일에 발표한 뉴스가 뭐야?,"SELECT title, link, description FROM SK하이닉스 WHERE MONTH(pubdate) = 3 AND DAY(pubdate) = 28"
엘앤에프 뉴스의 최근 제목 3개를 알려줘,"SELECT title, description FROM 엘앤에프 ORDER BY pubdate DESC LIMIT 3"
삼성전자에 대한 7월 24일의 뉴스 제목을 알려줘,"SELECT title, link, description FROM 삼성전자 WHERE MONTH(pubdate) = 7 AND DAY(pubdate) = 24"
셀트리온제약에 대한 1월 20일의 뉴스 제목을 알려줘,"SELECT title, link, description FROM 셀트리온제약 WHERE MONTH(pubdate) = 1 AND DAY(pubdate) = 20"
셀트리온헬스케어에서 3월 25일에 발표한 뉴스가 뭐야?,"SELECT title, link, description FROM 셀트리온헬스케어 WHERE MONTH(pubdate) = 3 AND DAY(pubdate) = 25"
에코프로의 최신 뉴스 링크를 보여줘,"SELECT title, link, description, pubdate FROM 에코프로 ORDER BY pubdate DESC LIMIT 1"
펄어비스의 지난 30일 동안의 뉴스를 요약해줘,"SELECT title, link ,description FROM 펄어비스 ORDER BY pubdate DESC LIMIT 30"
LG에너지솔루션의 2월 10일에 대한 뉴스 내용을 보여줘,"SELECT title, link, description FROM LG에너지솔루션 WHERE MONTH(pubdate) = 2 AND DAY(pubdate) = 10"
현대차에 대한 10월 22일의 뉴스 제목을 알려줘,"SELECT title, link, description FROM 현대차 WHERE MONTH(pubdate) = 10 AND DAY(pubdate) = 22"
현대차의 22일 전 뉴스 제목을 알려줘,"SELECT title, description FROM 현대차 WHERE pubdate = NOW() - INTERVAL 22 DAY"
셀트리온제약의 최신 뉴스 링크를 보여줘,"SELECT title, link, description, pubdate FROM 셀트리온제약 ORDER BY pubdate DESC LIMIT 1"
펄어비스에서 1월 11일에 발표한 뉴스가 뭐야?,"SELECT title, link, description FROM 펄어비스 WHERE MONTH(pubdate) = 1 AND DAY(pubdate) = 11"
JYP의 최근 소식을 알려줘,"SELECT title, link, description, pubdate FROM JYP ORDER BY pubdate DESC LIMIT 1"
셀트리온헬스케어의 11월 7일에 대한 뉴스 내용을 보여줘,"SELECT title, link, description FROM 셀트리온헬스케어 WHERE MONTH(pubdate) = 11 AND DAY(pubdate) = 7"
HLB의 지난 28일 동안의 뉴스를 요약해줘,"SELECT title, link ,description FROM HLB ORDER BY pubdate DESC LIMIT 28"
포스코DX에서 7월 9일에 발표한 뉴스가 뭐야?,"SELECT title, link, description FROM 포스코DX WHERE MONTH(pubdate) = 7 AND DAY(pubdate) = 9"
셀트리온제약의 지난 5일 간의 뉴스를 요약해줘,"SELECT title, link ,description FROM 셀트리온제약 ORDER BY pubdate DESC LIMIT 5"
삼성전자우의 최신 소식을 알려줘,"SELECT title, link, description, pubdate FROM 삼성전자우 ORDER BY pubdate DESC LIMIT 1"
카카오의 최근 17일 간의 뉴스를 요약해줘,"SELECT title, link ,description FROM 카카오 ORDER BY pubdate DESC LIMIT 17"
LG에너지솔루션에서 6월 8일에 발표한 뉴스가 뭐야?,"SELECT title, link, description FROM LG에너지솔루션 WHERE MONTH(pubdate) = 6 AND DAY(pubdate) = 8"
셀트리온헬스케어에서 7월 14일에 발표한 뉴스가 뭐야?,"SELECT title, link, description FROM 셀트리온헬스케어 WHERE MONTH(pubdate) = 7 AND DAY(pubdate) = 14"
네이버의 29일 전 뉴스 제목을 알려줘,"SELECT title, description FROM 네이버 WHERE pubdate = NOW() - INTERVAL 29 DAY"
포스코DX의 10일 전 뉴스 제목을 알려줘,"SELECT title, description FROM 포스코DX WHERE pubdate = NOW() - INTERVAL 10 DAY"
삼성전자에서 8월 2일에 발표한 뉴스가 뭐야?,"SELECT title, link, description FROM 삼성전자 WHERE MONTH(pubdate) = 8 AND DAY(pubdate) = 2"
포스코DX에서 10월 20일에 발표한 뉴스가 뭐야?,"SELECT title, link, description FROM 포스코DX WHERE MONTH(pubdate) = 10 AND DAY(pubdate) = 20"
삼성전자 3월 18일의 뉴스 링크를 알려줘,"SELECT title, link, description FROM 삼성전자 WHERE MONTH(pubdate) = 3 AND DAY(pubdate) = 18"
JYP 관련 최근 뉴스를 알려줘,"SELECT title, link, description, pubdate FROM JYP ORDER BY pubdate DESC LIMIT 1"
에코프로에서 4월 4일에 발표한 뉴스가 뭐야?,"SELECT title, link, description FROM 에코프로 WHERE MONTH(pubdate) = 4 AND DAY(pubdate) = 4"
POSCO홀딩스의 최신 뉴스 링크를 보여줘,"SELECT title, link, description, pubdate FROM POSCO홀딩스 ORDER BY pubdate DESC LIMIT 1"
셀트리온헬스케어의 최근 소식을 알려줘,"SELECT title, link, description, pubdate FROM 셀트리온헬스케어 ORDER BY pubdate DESC LIMIT 1"
삼성SDI에서 2월 17일에 발표한 뉴스가 뭐야?,"SELECT title, link, description FROM 삼성SDI WHERE MONTH(pubdate) = 2 AND DAY(pubdate) = 17"
JYP의 최신 소식을 알려줘,"SELECT title, link, description, pubdate FROM JYP ORDER BY pubdate DESC LIMIT 1"
삼성전자 관련 최근 뉴스를 알려줘,"SELECT title, link, description, pubdate FROM 삼성전자 ORDER BY pubdate DESC LIMIT 1"
셀트리온제약 뉴스의 최근 제목 3개를 알려줘,"SELECT title, description FROM 셀트리온제약 ORDER BY pubdate DESC LIMIT 3"
삼성전자의 최근 17일 간의 뉴스를 요약해줘,"SELECT title, link ,description FROM 삼성전자 ORDER BY pubdate DESC LIMIT 17"
네이버의 최근 4일 간의 뉴스를 요약해줘,"SELECT title, link ,description FROM 네이버 ORDER BY pubdate DESC LIMIT 4"
펄어비스의 10월 20일에 대한 뉴스 내용을 보여줘,"SELECT title, link, description FROM 펄어비스 WHERE MONTH(pubdate) = 10 AND DAY(pubdate) = 20"
JYP의 최신 뉴스 링크를 보여줘,"SELECT title, link, description, pubdate FROM JYP ORDER BY pubdate DESC LIMIT 1"
LG에너지솔루션의 최근 소식을 알려줘,"SELECT title, link, description, pubdate FROM LG에너지솔루션 ORDER BY pubdate DESC LIMIT 1"
삼성바이오로직스의 7월 7일자 뉴스를 알려줘,"SELECT title, link, description FROM 삼성바이오로직스 WHERE MONTH(pubdate) = 7 AND DAY(pubdate) = 7"
포스코퓨처엠의 최근 27일 간의 뉴스를 요약해줘,"SELECT title, link ,description FROM 포스코퓨처엠 ORDER BY pubdate DESC LIMIT 27"
포스코DX의 최신 뉴스 링크를 보여줘,"SELECT title, link, description, pubdate FROM 포스코DX ORDER BY pubdate DESC LIMIT 1"
셀트리온헬스케어의 2월 6일자 뉴스를 알려줘,"SELECT title, link, description FROM 셀트리온헬스케어 WHERE MONTH(pubdate) = 2 AND DAY(pubdate) = 6"
셀트리온헬스케어 뉴스의 최근 제목 16개를 알려줘,"SELECT title, description FROM 셀트리온헬스케어 ORDER BY pubdate DESC LIMIT 16"
포스코퓨처엠 관련 최근 뉴스를 알려줘,"SELECT title, link, description, pubdate FROM 포스코퓨처엠 ORDER BY pubdate DESC LIMIT 1"
카카오의 최근 소식을 알려줘,"SELECT title, link, description, pubdate FROM 카카오 ORDER BY pubdate DESC LIMIT 1"
펄어비스 관련 최근 뉴스를 알려줘,"SELECT title, link, description, pubdate FROM 펄어비스 ORDER BY pubdate DESC LIMIT 1"
삼성전자우의 5월 4일에 대한 뉴스 내용을 보여줘,"SELECT title, link, description FROM 삼성전자우 WHERE MONTH(pubdate) = 5 AND DAY(pubdate) = 4"
셀트리온제약의 최신 뉴스 6개를 요약해줘,"SELECT title, description FROM 셀트리온제약 ORDER BY pubdate DESC LIMIT 6"
에코프로 뉴스의 최근 제목 23개를 알려줘,"SELECT title, description FROM 에코프로 ORDER BY pubdate DESC LIMIT 23"
애플의 지난 29일 간의 뉴스를 요약해줘,"SELECT title, link ,description FROM 애플 ORDER BY pubdate DESC LIMIT 29"
현대차의 최근 1일 간의 뉴스를 요약해줘,"SELECT title, link ,description FROM 현대차 ORDER BY pubdate DESC LIMIT 1"
현대차의 최근 21일 간의 뉴스를 요약해줘,"SELECT title, link ,description FROM 현대차 ORDER BY pubdate DESC LIMIT 21"
셀트리온제약의 지난 4일 간의 뉴스를 요약해줘,"SELECT title, link ,description FROM 셀트리온제약 ORDER BY pubdate DESC LIMIT 4"
애플의 최근 소식을 알려줘,"SELECT title, link, description, pubdate FROM 애플 ORDER BY pubdate DESC LIMIT 1"
애플의 최신 뉴스 21개를 요약해줘,"SELECT title, description FROM 애플 ORDER BY pubdate DESC LIMIT 21"
JYP의 10월 20일에 대한 뉴스 내용을 보여줘,"SELECT title, link, description FROM JYP WHERE MONTH(pubdate) = 10 AND DAY(pubdate) = 20"
네이버의 최근 소식을 알려줘,"SELECT title, link, description, pubdate FROM 네이버 ORDER BY pubdate DESC LIMIT 1"
삼성SDI의 9월 14일에 대한 뉴스 내용을 보여줘,"SELECT title, link, description FROM 삼성SDI WHERE MONTH(pubdate) = 9 AND DAY(pubdate) = 14"
애플의 지난 7일 동안의 뉴스를 요약해줘,"SELECT title, link ,description FROM 애플 ORDER BY pubdate DESC LIMIT 7"
셀트리온제약 관련 최근 뉴스를 알려줘,"SELECT title, link, description, pubdate FROM 셀트리온제약 ORDER BY pubdate DESC LIMIT 1"
포스코퓨처엠에서 10월 28일에 발표한 뉴스가 뭐야?,"SELECT title, link, description FROM 포스코퓨처엠 WHERE MONTH(pubdate) = 10 AND DAY(pubdate) = 28"
셀트리온제약의 최신 뉴스 26개를 요약해줘,"SELECT title, description FROM 셀트리온제약 ORDER BY pubdate DESC LIMIT 26"
삼성전자의 8일 전 뉴스 제목을 알려줘,"SELECT title, description FROM 삼성전자 WHERE pubdate = NOW() - INTERVAL 8 DAY"
에코프로비엠의 지난 6일 간의 뉴스를 요약해줘,"SELECT title, link ,description FROM 에코프로비엠 ORDER BY pubdate DESC LIMIT 6"
셀트리온헬스케어 뉴스의 최근 제목 10개를 알려줘,"SELECT title, description FROM 셀트리온헬스케어 ORDER BY pubdate DESC LIMIT 10"
삼성바이오로직스의 최근 소식을 알려줘,"SELECT title, link, description, pubdate FROM 삼성바이오로직스 ORDER BY pubdate DESC LIMIT 1"
삼성바이오로직스의 13일 전 뉴스 제목을 알려줘,"SELECT title, description FROM 삼성바이오로직스 WHERE pubdate = NOW() - INTERVAL 13 DAY"
삼성전자의 지난 21일 간의 뉴스를 요약해줘,"SELECT title, link ,description FROM 삼성전자 ORDER BY pubdate DESC LIMIT 21"
펄어비스의 지난 8일 동안의 뉴스를 요약해줘,"SELECT title, link ,description FROM 펄어비스 ORDER BY pubdate DESC LIMIT 8"
SK하이닉스의 지난 15일 간의 뉴스를 요약해줘,"SELECT title, link ,description FROM SK하이닉스 ORDER BY pubdate DESC LIMIT 15"
POSCO홀딩스의 최신 소식을 알려줘,"SELECT title, link, description, pubdate FROM POSCO홀딩스 ORDER BY pubdate DESC LIMIT 1"
네이버의 최신 소식을 알려줘,"SELECT title, link, description, pubdate FROM 네이버 ORDER BY pubdate DESC LIMIT 1"
삼성바이오로직스의 최신 뉴스 링크를 보여줘,"SELECT title, link, description, pubdate FROM 삼성바이오로직스 ORDER BY pubdate DESC LIMIT 1"
삼성전자우의 5월 1일에 대한 뉴스 내용을 보여줘,"SELECT title, link, description FROM 삼성전자우 WHERE MONTH(pubdate) = 5 AND DAY(pubdate) = 1"
셀트리온헬스케어 관련 최근 뉴스를 알려줘,"SELECT title, link, description, pubdate FROM 셀트리온헬스케어 ORDER BY pubdate DESC LIMIT 1"
HLB의 지난 23일 동안의 뉴스를 요약해줘,"SELECT title, link ,description FROM HLB ORDER BY pubdate DESC LIMIT 23"
셀트리온헬스케어의 최근 소식을 알려줘,"SELECT title, link, description, pubdate FROM 셀트리온헬스케어 ORDER BY pubdate DESC LIMIT 1"
HLB에서 12월 16일에 발표한 뉴스가 뭐야?,"SELECT title, link, description FROM HLB WHERE MONTH(pubdate) = 12 AND DAY(pubdate) = 16"
네이버에서 5월 28일에 발표한 뉴스가 뭐야?,"SELECT title, link, description FROM 네이버 WHERE MONTH(pubdate) = 5 AND DAY(pubdate) = 28"
엘앤에프의 9일 전 뉴스 제목을 알려줘,"SELECT title, description FROM 엘앤에프 WHERE pubdate = NOW() - INTERVAL 9 DAY"
애플 뉴스의 최근 제목 22개를 알려줘,"SELECT title, description FROM 애플 ORDER BY pubdate DESC LIMIT 22"
카카오 뉴스의 최근 제목 15개를 알려줘,"SELECT title, description FROM 카카오 ORDER BY pubdate DESC LIMIT 15"
LG에너지솔루션의 30일 전 뉴스 제목을 알려줘,"SELECT title, description FROM LG에너지솔루션 WHERE pubdate = NOW() - INTERVAL 30 DAY"
HLB의 최신 뉴스 링크를 보여줘,"SELECT title, link, description, pubdate FROM HLB ORDER BY pubdate DESC LIMIT 1"
POSCO홀딩스에서 9월 16일에 발표한 뉴스가 뭐야?,"SELECT title, link, description FROM POSCO홀딩스 WHERE MONTH(pubdate) = 9 AND DAY(pubdate) = 16"
애플의 최신 뉴스 23개를 요약해줘,"SELECT title, description FROM 애플 ORDER BY pubdate DESC LIMIT 23"
펄어비스의 최신 뉴스 링크를 보여줘,"SELECT title, link, description, pubdate FROM 펄어비스 ORDER BY pubdate DESC LIMIT 1"
에코프로에서 4월 12일에 발표한 뉴스가 뭐야?,"SELECT title, link, description FROM 에코프로 WHERE MONTH(pubdate) = 4 AND DAY(pubdate) = 12"
카카오의 8일 전 뉴스 제목을 알려줘,"SELECT title, description FROM 카카오 WHERE pubdate = NOW() - INTERVAL 8 DAY"
삼성전자우에 대한 9월 14일의 뉴스 제목을 알려줘,"SELECT title, link, description FROM 삼성전자우 WHERE MONTH(pubdate) = 9 AND DAY(pubdate) = 14"
HLB의 최근 소식을 알려줘,"SELECT title, link, description, pubdate FROM HLB ORDER BY pubdate DESC LIMIT 1"
펄어비스 뉴스의 최근 제목 6개를 알려줘,"SELECT title, description FROM 펄어비스 ORDER BY pubdate DESC LIMIT 6"
셀트리온헬스케어의 최신 뉴스 19개를 요약해줘,"SELECT title, description FROM 셀트리온헬스케어 ORDER BY pubdate DESC LIMIT 19"
에코프로의 4월 15일자 뉴스를 알려줘,"SELECT title, link, description FROM 에코프로 WHERE MONTH(pubdate) = 4 AND DAY(pubdate) = 15"
LG에너지솔루션의 최신 뉴스 19개를 요약해줘,"SELECT title, description FROM LG에너지솔루션 ORDER BY pubdate DESC LIMIT 19"
LG에너지솔루션의 최신 뉴스 링크를 보여줘,"SELECT title, link, description, pubdate FROM LG에너지솔루션 ORDER BY pubdate DESC LIMIT 1"
셀트리온제약의 8월 17일에 대한 뉴스 내용을 보여줘,"SELECT title, link, description FROM 셀트리온제약 WHERE MONTH(pubdate) = 8 AND DAY(pubdate) = 17"
네이버 관련 최근 뉴스를 알려줘,"SELECT title, link, description, pubdate FROM 네이버 ORDER BY pubdate DESC LIMIT 1"
POSCO홀딩스에 대한 10월 23일의 뉴스 제목을 알려줘,"SELECT title, link, description FROM POSCO홀딩스 WHERE MONTH(pubdate) = 10 AND DAY(pubdate) = 23"
SK하이닉스의 최신 뉴스 링크를 보여줘,"SELECT title, link, description, pubdate FROM SK하이닉스 ORDER BY pubdate DESC LIMIT 1"
삼성바이오로직스 뉴스의 최근 제목 17개를 알려줘,"SELECT title, description FROM 삼성바이오로직스 ORDER BY pubdate DESC LIMIT 17"
삼성SDI에서 10월 13일에 발표한 뉴스가 뭐야?,"SELECT title, link, description FROM 삼성SDI WHERE MONTH(pubdate) = 10 AND DAY(pubdate) = 13"
카카오의 7월 9일자 뉴스를 알려줘,"SELECT title, link, description FROM 카카오 WHERE MONTH(pubdate) = 7 AND DAY(pubdate) = 9"
삼성전자의 지난 9일 간의 뉴스를 요약해줘,"SELECT title, link ,description FROM 삼성전자 ORDER BY pubdate DESC LIMIT 9"
펄어비스의 최근 소식을 알려줘,"SELECT title, link, description, pubdate FROM 펄어비스 ORDER BY pubdate DESC LIMIT 1"
엘앤에프의 28일 전 뉴스 제목을 알려줘,"SELECT title, description FROM 엘앤에프 WHERE pubdate = NOW() - INTERVAL 28 DAY"
에코프로비엠 뉴스의 최근 제목 3개를 알려줘,"SELECT title, description FROM 에코프로비엠 ORDER BY pubdate DESC LIMIT 3"
네이버 7월 14일의 뉴스 링크를 알려줘,"SELECT title, link, description FROM 네이버 WHERE MONTH(pubdate) = 7 AND DAY(pubdate) = 14"
삼성SDI에서 8월 7일에 발표한 뉴스가 뭐야?,"SELECT title, link, description FROM 삼성SDI WHERE MONTH(pubdate) = 8 AND DAY(pubdate) = 7"
포스코DX의 지난 6일 간의 뉴스를 요약해줘,"SELECT title, link ,description FROM 포스코DX ORDER BY pubdate DESC LIMIT 6"
에코프로 4월 22일의 뉴스 링크를 알려줘,"SELECT title, link, description FROM 에코프로 WHERE MONTH(pubdate) = 4 AND DAY(pubdate) = 22"
SK하이닉스에서 1월 1일에 발표한 뉴스가 뭐야?,"SELECT title, link, description FROM SK하이닉스 WHERE MONTH(pubdate) = 1 AND DAY(pubdate) = 1"
POSCO홀딩스의 8월 14일자 뉴스를 알려줘,"SELECT title, link, description FROM POSCO홀딩스 WHERE MONTH(pubdate) = 8 AND DAY(pubdate) = 14"
포스코DX의 지난 9일 간의 뉴스를 요약해줘,"SELECT title, link ,description FROM 포스코DX ORDER BY pubdate DESC LIMIT 9"
LG에너지솔루션의 11월 13일에 대한 뉴스 내용을 보여줘,"SELECT title, link, description FROM LG에너지솔루션 WHERE MONTH(pubdate) = 11 AND DAY(pubdate) = 13"
에코프로의 1월 16일에 대한 뉴스 내용을 보여줘,"SELECT title, link, description FROM 에코프로 WHERE MONTH(pubdate) = 1 AND DAY(pubdate) = 16"
에코프로비엠의 지난 8일 동안의 뉴스를 요약해줘,"SELECT title, link ,description FROM 에코프로비엠 ORDER BY pubdate DESC LIMIT 8"
엘앤에프의 최근 8일 간의 뉴스를 요약해줘,"SELECT title, link ,description FROM 엘앤에프 ORDER BY pubdate DESC LIMIT 8"
셀트리온헬스케어의 지난 4일 간의 뉴스를 요약해줘,"SELECT title, link ,description FROM 셀트리온헬스케어 ORDER BY pubdate DESC LIMIT 4"
JYP의 최신 뉴스 링크를 보여줘,"SELECT title, link, description, pubdate FROM JYP ORDER BY pubdate DESC LIMIT 1"
셀트리온제약의 지난 16일 동안의 뉴스를 요약해줘,"SELECT title, link ,description FROM 셀트리온제약 ORDER BY pubdate DESC LIMIT 16"
펄어비스의 최근 소식을 알려줘,"SELECT title, link, description, pubdate FROM 펄어비스 ORDER BY pubdate DESC LIMIT 1"
삼성바이오로직스에서 12월 12일에 발표한 뉴스가 뭐야?,"SELECT title, link, description FROM 삼성바이오로직스 WHERE MONTH(pubdate) = 12 AND DAY(pubdate) = 12"
JYP에 대한 6월 14일의 뉴스 제목을 알려줘,"SELECT title, link, description FROM JYP WHERE MONTH(pubdate) = 6 AND DAY(pubdate) = 14"
애플 관련 최근 뉴스를 알려줘,"SELECT title, link, description, pubdate FROM 애플 ORDER BY pubdate DESC LIMIT 1"
현대차의 최근 22일 간의 뉴스를 요약해줘,"SELECT title, link ,description FROM 현대차 ORDER BY pubdate DESC LIMIT 22"
애플의 지난 20일 동안의 뉴스를 요약해줘,"SELECT title, link ,description FROM 애플 ORDER BY pubdate DESC LIMIT 20"
네이버에서 4월 23일에 발표한 뉴스가 뭐야?,"SELECT title, link, description FROM 네이버 WHERE MONTH(pubdate) = 4 AND DAY(pubdate) = 23"
엘앤에프 관련 최근 뉴스를 알려줘,"SELECT title, link, description, pubdate FROM 엘앤에프 ORDER BY pubdate DESC LIMIT 1"
삼성SDI에 대한 10월 14일의 뉴스 제목을 알려줘,"SELECT title, link, description FROM 삼성SDI WHERE MONTH(pubdate) = 10 AND DAY(pubdate) = 14"
삼성전자의 최근 소식을 알려줘,"SELECT title, link, description, pubdate FROM 삼성전자 ORDER BY pubdate DESC LIMIT 1"
